Afghanistan,25371,1052,7478,296,7168,3125,3144,4372,717,2764,25968,8312,6286,13837,30644,12218,2449,588,810,687,3931,1077,609,4502,1873,2517,11108,14025
Albania,8433.0,2245.0,1343.0,625.0,256.0,8.0,858.0,23.0,55.0,464.0,718.0,71.0,4057.0,2047.0,2665.0,2049.0,3.0,116.0,70.0,0.0,10.0,3.0,0.0,1927.0,242.0,13.0,2444.0,123.0
Algeria,58623.0,1707.0,12228.0,805.0,6216.0,194.0,7384.0,270.0,803.0,5994.0,41.0,6008.0,16778.0,28771.0,22216.0,26555.0,54.0,1046.0,1357.0,2.0,137.0,98.0,111.0,21558.0,3977.0,271.0,20314.0,5704.0
American Samoa,78.0,6.0,19.0,2.0,12.0,4.0,14.0,2.0,4.0,0.0,3.0,10.0,43.0,112.0,12.0,83.0,1.0,2.0,1.0,0.0,0.0,0.0,0.0,9.0,14.0,1.0,30.0,2.0
Andorra,84.0,5.0,16.0,24.0,7.0,0.0,5.0,0.0,1.0,2.0,0.0,7.0,67.0,52.0,16.0,43.0,0.0,4.0,7.0,0.0,0.0,0.0,0.0,13.0,7.0,0.0,31.0,0.0
Angola,19389.0,1207.0,2060.0,7613.0,3732.0,5885.0,1231.0,4898.0,16963.0,707.0,8500.0,3227.0,6883.0,9956.0,16862.0,6864.0,3827.0,610.0,823.0,192.0,3656.0,875.0,429.0,8251.0,632.0,4472.0,4118.0,16154.0
Antigua and Barbuda,132.0,14.0,26.0,26.0,20.0,1.0,6.0,3.0,11.0,4.0,0.0,28.0,26.0,117.0,38.0,95.0,0.0,3.0,2.0,0.0,0.0,0.0,0.0,38.0,11.0,2.0,27.0,4.0
Argentina,46853.0,6809.0,9415.0,9519.0,4734.0,219.0,5313.0,926.0,4342.0,5344.0,275.0,6608.0,26477.0,30392.0,16051.0,30688.0,80.0,1618.0,1344.0,1.0,47.0,41.0,54.0,15268.0,2142.0,424.0,14274.0,1897.0
Armenia,7775.0,1052.0,2067.0,611.0,403.0,2.0,1093.0,17.0,128.0,1126.0,174.0,28.0,4192.0,2688.0,4227.0,2769.0,2.0,65.0,77.0,0.0,20.0,9.0,1.0,3984.0,349.0,24.0,2618.0,122.0
Australia,21006.0,958.0,3751.0,6608.0,2760.0,29.0,1131.0,126.0,479.0,740.0,3.0,1965.0,11916.0,15132.0,4399.0,15006.0,10.0,2559.0,2597.0,0.0,1.0,2.0,1.0,4247.0,2557.0,34.0,9278.0,313.0
Austria,15800.0,2254.0,1971.0,3605.0,1270.0,6.0,846.0,13.0,235.0,474.0,1.0,1580.0,7898.0,6126.0,3236.0,7328.0,5.0,446.0,1057.0,0.0,0.0,1.0,0.0,2922.0,1168.0,21.0,5781.0,92.0
Azerbaijan,20719.0,2527.0,5589.0,2520.0,1436.0,99.0,3079.0,249.0,283.0,2007.0,335.0,269.0,8658.0,6590.0,8049.0,7443.0,87.0,699.0,93.0,1.0,187.0,144.0,4.0,7598.0,674.0,61.0,8096.0,1415.0
Bahamas,538.0,59.0,92.0,126.0,117.0,2.0,23.0,6.0,101.0,12.0,0.0,109.0,117.0,341.0,128.0,402.0,0.0,18.0,13.0,0.0,0.0,1.0,1.0,127.0,32.0,4.0,118.0,14.0
Bahrain,823.0,29.0,312.0,32.0,52.0,3.0,139.0,4.0,17.0,31.0,0.0,36.0,469.0,1139.0,763.0,951.0,1.0,28.0,22.0,0.0,1.0,1.0,1.0,747.0,134.0,3.0,413.0,28.0
Bangladesh,199691.0,23688.0,10169.0,8998.0,47337.0,23017.0,27166.0,4716.0,6207.0,20001.0,189732.0,34220.0,104021.0,94665.0,236315.0,28352.0,17489.0,1435.0,3104.0,21.0,2844.0,882.0,813.0,41853.0,7587.0,10930.0,46859.0,41612.0
Barbados,566.0,34.0,99.0,99.0,110.0,2.0,15.0,3.0,52.0,3.0,0.0,72.0,104.0,629.0,235.0,437.0,1.0,8.0,14.0,0.0,0.0,0.0,0.0,235.0,90.0,7.0,150.0,13.0
Belarus,44872.0,2125.0,11169.0,6785.0,3699.0,4.0,2968.0,22.0,640.0,5451.0,65.0,966.0,17308.0,8005.0,11244.0,12559.0,3.0,1069.0,438.0,0.0,3.0,4.0,1.0,11135.0,1941.0,16.0,19509.0,78.0
Belgium,13068.0,1476.0,2248.0,4130.0,1185.0,32.0,881.0,225.0,331.0,405.0,1.0,739.0,11873.0,7163.0,3611.0,6115.0,15.0,624.0,1483.0,0.0,1.0,5.0,0.0,3305.0,1190.0,89.0,4461.0,136.0
Belize,280.0,30.0,40.0,88.0,17.0,7.0,18.0,17.0,82.0,1.0,32.0,64.0,90.0,295.0,161.0,268.0,3.0,15.0,10.0,0.0,2.0,2.0,1.0,126.0,24.0,13.0,71.0,47.0
Benin,7352.0,647.0,503.0,1339.0,1487.0,3196.0,409.0,2314.0,2383.0,50.0,10622.0,870.0,877.0,3379.0,12842.0,2530.0,2739.0,134.0,342.0,86.0,3004.0,408.0,224.0,2179.0,142.0,2850.0,1453.0,11050.0
Bermuda,103.0,11.0,24.0,19.0,14.0,0.0,7.0,1.0,7.0,4.0,0.0,12.0,45.0,81.0,11.0,72.0,0.0,2.0,4.0,0.0,0.0,0.0,0.0,10.0,9.0,1.0,36.0,0.0
Bhutan,655.0,87.0,69.0,59.0,144.0,55.0,73.0,17.0,45.0,55.0,139.0,96.0,251.0,398.0,618.0,241.0,104.0,24.0,58.0,0.0,11.0,6.0,4.0,429.0,90.0,19.0,273.0,139.0
Bolivia,7707.0,1439.0,1321.0,2558.0,1574.0,280.0,614.0,875.0,1492.0,65.0,2126.0,1819.0,2521.0,8497.0,6090.0,6245.0,210.0,231.0,436.0,4.0,239.0,88.0,76.0,3875.0,603.0,362.0,2540.0,1443.0
Bosnia and Herzegovina,10948.0,2976.0,1222.0,1434.0,746.0,9.0,1160.0,4.0,149.0,877.0,1511.0,352.0,5829.0,6213.0,5821.0,4043.0,5.0,126.0,75.0,0.0,1.0,2.0,0.0,4240.0,645.0,7.0,4430.0,64.0
Botswana,1889.0,95.0,169.0,440.0,573.0,475.0,227.0,306.0,5196.0,136.0,187.0,382.0,985.0,1227.0,1008.0,1165.0,440.0,158.0,43.0,8.0,155.0,65.0,7.0,799.0,171.0,299.0,332.0,666.0
Brazil,205500.0,29612.0,25592.0,53063.0,19638.0,2790.0,20638.0,6056.0,22192.0,996.0,10591.0,29604.0,117324.0,151672.0,67681.0,131576.0,1758.0,12357.0,12635.0,18.0,498.0,373.0,351.0,52993.0,21890.0,4183.0,79604.0,14300.0
Brunei,261.0,62.0,48.0,15.0,68.0,0.0,27.0,1.0,19.0,6.0,0.0,35.0,186.0,283.0,41.0,162.0,0.0,13.0,9.0,0.0,1.0,0.0,0.0,40.0,27.0,1.0,114.0,20.0
Bulgaria,50208.0,15002.0,5722.0,7456.0,7435.0,34.0,2754.0,29.0,536.0,2210.0,797.0,2170.0,11889.0,15105.0,10939.0,18728.0,4.0,536.0,322.0,0.0,7.0,11.0,1.0,10031.0,1612.0,28.0,15168.0,118.0
Burkina Faso,12938.0,1100.0,1355.0,4458.0,4618.0,8884.0,1647.0,9725.0,3207.0,134.0,19187.0,3514.0,1774.0,5858.0,22954.0,2736.0,7572.0,169.0,900.0,501.0,7022.0,1828.0,360.0,3723.0,343.0,7367.0,1732.0,17230.0
Burundi,6658.0,949.0,964.0,3100.0,714.0,3829.0,371.0,2566.0,2290.0,609.0,10405.0,1696.0,1624.0,3352.0,11210.0,1382.0,3241.0,160.0,379.0,55.0,2841.0,205.0,255.0,765.0,155.0,2790.0,1205.0,6999.0
Cambodia,17092.0,4726.0,942.0,6718.0,5537.0,793.0,3249.0,1056.0,1548.0,290.0,18357.0,4446.0,14428.0,8157.0,21896.0,3293.0,580.0,1064.0,1008.0,7.0,643.0,210.0,95.0,3459.0,320.0,976.0,4987.0,3535.0
Cameroon,21489.0,1483.0,1549.0,6688.0,2502.0,5483.0,1289.0,3852.0,18251.0,9.0,19336.0,2299.0,3267.0,11144.0,25342.0,11601.0,4576.0,377.0,981.0,190.0,4620.0,1146.0,537.0,5898.0,813.0,5325.0,2777.0,15668.0
Canada,35162.0,3646.0,6482.0,10374.0,3857.0,64.0,2581.0,440.0,917.0,406.0,1.0,3095.0,32295.0,24195.0,3976.0,22123.0,66.0,4762.0,4307.0,0.0,2.0,10.0,7.0,3261.0,1847.0,41.0,14634.0,564.0
Cape Verde,729.0,54.0,61.0,153.0,116.0,34.0,36.0,14.0,76.0,12.0,129.0,69.0,99.0,397.0,491.0,248.0,30.0,6.0,17.0,0.0,3.0,2.0,1.0,360.0,21.0,66.0,186.0,45.0
Central African Republic,4456.0,270.0,563.0,1648.0,1172.0,3359.0,388.0,2802.0,4461.0,24.0,7043.0,1542.0,1549.0,2927.0,7756.0,1902.0,2818.0,171.0,221.0,133.0,1730.0,577.0,170.0,679.0,151.0,2269.0,953.0,4701.0
Chad,8915.0,739.0,1701.0,2672.0,2885.0,20310.0,1316.0,18676.0,3278.0,203.0,18819.0,2744.0,2002.0,4409.0,22844.0,2518.0,17310.0,188.0,435.0,1462.0,10846.0,4616.0,704.0,3981.0,283.0,12332.0,1994.0,20072.0
Chile,18440.0,2538.0,2745.0,5560.0,2185.0,58.0,1826.0,401.0,1322.0,957.0,258.0,1507.0,5524.0,10564.0,7029.0,11211.0,37.0,1317.0,889.0,0.0,3.0,5.0,8.0,6655.0,721.0,46.0,4806.0,402.0
China,2901717.0,851122.0,331658.0,381044.0,314148.0,2381.0,483037.0,13811.0,72981.0,115248.0,415468.0,42253.0,2304209.0,956264.0,2349332.0,575624.0,1686.0,54762.0,87912.0,7.0,1724.0,1173.0,217.0,1857360.0,148152.0,5937.0,832884.0,19836.0
Colombia,45162.0,10126.0,5876.0,4966.0,3374.0,525.0,2711.0,1541.0,5039.0,3570.0,1523.0,4522.0,10772.0,22860.0,14605.0,21017.0,191.0,789.0,1528.0,1.0,99.0,69.0,65.0,12763.0,2633.0,340.0,15997.0,2226.0
Comoros,668.0,100.0,63.0,59.0,103.0,107.0,69.0,100.0,73.0,16.0,665.0,217.0,176.0,341.0,706.0,270.0,94.0,13.0,41.0,2.0,46.0,17.0,6.0,40.0,16.0,123.0,134.0,323.0
Congo,5368.0,318.0,534.0,1696.0,1101.0,745.0,330.0,447.0,4252.0,46.0,2533.0,1545.0,1318.0,2931.0,4116.0,2514.0,643.0,160.0,194.0,13.0,195.0,93.0,81.0,1549.0,155.0,517.0,1227.0,1370.0
Cook Islands,38.0,9.0,6.0,6.0,8.0,0.0,5.0,0.0,1.0,0.0,0.0,9.0,15.0,48.0,4.0,40.0,0.0,1.0,1.0,0.0,0.0,0.0,0.0,4.0,3.0,0.0,10.0,0.0
Costa Rica,3930.0,655.0,682.0,922.0,314.0,30.0,237.0,30.0,378.0,233.0,66.0,569.0,1371.0,2976.0,1028.0,2566.0,7.0,191.0,259.0,0.0,3.0,4.0,3.0,930.0,207.0,23.0,1272.0,159.0
Cote d'Ivoire,18095.0,1343.0,2082.0,5672.0,2572.0,4296.0,1945.0,3757.0,10734.0,40.0,18402.0,2571.0,3581.0,8231.0,25166.0,6899.0,3573.0,523.0,736.0,144.0,3634.0,1175.0,466.0,6697.0,605.0,4768.0,4262.0,20181.0
Croatia,13826.0,3741.0,2146.0,2328.0,933.0,18.0,1590.0,6.0,164.0,909.0,72.0,852.0,7538.0,6981.0,3987.0,5703.0,3.0,225.0,620.0,0.0,2.0,3.0,0.0,3724.0,970.0,13.0,5142.0,45.0
Cuba,20278.0,2211.0,3281.0,3820.0,2041.0,149.0,2430.0,87.0,994.0,662.0,368.0,2237.0,13319.0,12061.0,9645.0,8863.0,67.0,336.0,2118.0,0.0,7.0,9.0,8.0,9168.0,1342.0,382.0,7852.0,119.0
Cyprus,1645.0,134.0,374.0,223.0,144.0,2.0,142.0,3.0,29.0,37.0,0.0,158.0,1065.0,1212.0,556.0,833.0,1.0,28.0,87.0,0.0,0.0,0.0,0.0,502.0,147.0,3.0,632.0,11.0
Czechia,25977.0,7421.0,3323.0,5106.0,2968.0,100.0,2460.0,210.0,403.0,2020.0,18.0,2010.0,13823.0,16432.0,7570.0,12595.0,11.0,442.0,1044.0,0.0,5.0,15.0,0.0,7212.0,2175.0,52.0,11501.0,88.0
Democratic Republic of Congo,57730.0,2067.0,5336.0,15822.0,15662.0,11688.0,4177.0,10037.0,11733.0,913.0,72051.0,19927.0,11143.0,35860.0,78781.0,27838.0,10010.0,875.0,2915.0,368.0,11134.0,1723.0,2196.0,6337.0,2908.0,14366.0,11407.0,35568.0
Denmark,6934.0,537.0,1384.0,2396.0,477.0,12.0,465.0,58.0,195.0,301.0,0.0,477.0,9076.0,3891.0,1743.0,3220.0,5.0,408.0,535.0,0.0,0.0,1.0,0.0,1532.0,677.0,37.0,2507.0,85.0
Djibouti,828.0,112.0,136.0,75.0,270.0,158.0,109.0,175.0,885.0,60.0,256.0,144.0,393.0,417.0,668.0,199.0,134.0,25.0,41.0,4.0,60.0,21.0,24.0,408.0,20.0,157.0,166.0,308.0
Dominica,130.0,14.0,30.0,23.0,4.0,1.0,6.0,1.0,10.0,1.0,5.0,23.0,26.0,121.0,46.0,110.0,0.0,2.0,2.0,0.0,0.0,0.0,0.0,41.0,9.0,2.0,28.0,7.0
Dominican Republic,13452.0,1288.0,1988.0,2392.0,500.0,430.0,765.0,598.0,1168.0,268.0,335.0,1737.0,5730.0,7094.0,5383.0,6069.0,242.0,363.0,332.0,3.0,56.0,96.0,38.0,5019.0,761.0,293.0,5407.0,2500.0
East Timor,1749.0,382.0,114.0,213.0,434.0,110.0,247.0,215.0,137.0,67.0,1163.0,314.0,781.0,584.0,1531.0,157.0,89.0,60.0,36.0,3.0,126.0,34.0,15.0,362.0,26.0,54.0,402.0,423.0
Ecuador,11769.0,2210.0,2123.0,2532.0,1086.0,98.0,628.0,580.0,1973.0,1272.0,469.0,3418.0,3028.0,12085.0,5333.0,10200.0,55.0,318.0,796.0,1.0,109.0,41.0,39.0,4803.0,621.0,270.0,4137.0,1337.0
Egypt,166123.0,5576.0,26785.0,3084.0,9774.0,1103.0,20055.0,2454.0,976.0,12041.0,177.0,641.0,61816.0,82217.0,116519.0,111096.0,902.0,1235.0,1303.0,17.0,1963.0,1185.0,163.0,115654.0,10743.0,987.0,73375.0,7570.0
El Salvador,6455.0,1057.0,842.0,2050.0,1048.0,157.0,351.0,340.0,870.0,112.0,906.0,884.0,1225.0,6147.0,3084.0,5184.0,107.0,271.0,305.0,1.0,30.0,21.0,7.0,2112.0,401.0,108.0,2347.0,336.0
Equatorial Guinea,830.0,50.0,77.0,248.0,100.0,76.0,87.0,61.0,1727.0,1.0,15.0,173.0,175.0,611.0,546.0,494.0,42.0,51.0,36.0,1.0,60.0,17.0,16.0,525.0,37.0,93.0,201.0,428.0
Eritrea,3993.0,657.0,394.0,871.0,1179.0,1942.0,400.0,1637.0,1468.0,172.0,4695.0,1354.0,1051.0,2093.0,5611.0,995.0,1680.0,125.0,238.0,42.0,633.0,120.0,159.0,896.0,53.0,1677.0,747.0,2471.0
Estonia,5137.0,205.0,487.0,859.0,1066.0,0.0,164.0,5.0,89.0,278.0,13.0,791.0,1203.0,1275.0,232.0,2484.0,0.0,182.0,69.0,0.0,0.0,0.0,0.0,214.0,185.0,2.0,1264.0,5.0
Eswatini,1082.0,57.0,68.0,385.0,262.0,277.0,90.0,150.0,2871.0,18.0,433.0,318.0,284.0,929.0,840.0,1011.0,228.0,81.0,39.0,6.0,100.0,55.0,7.0,398.0,76.0,197.0,179.0,288.0
Ethiopia,37242.0,7362.0,6378.0,14279.0,17532.0,28203.0,2489.0,20161.0,18218.0,2679.0,68497.0,13582.0,5933.0,25390.0,76250.0,11459.0,24880.0,893.0,3475.0,600.0,9224.0,2085.0,1248.0,7496.0,1458.0,20544.0,6014.0,62202.0
Fiji,1644.0,269.0,491.0,79.0,518.0,86.0,226.0,31.0,118.0,20.0,363.0,190.0,716.0,2710.0,823.0,2053.0,44.0,25.0,17.0,0.0,3.0,3.0,3.0,459.0,208.0,27.0,753.0,106.0
Finland,12214.0,933.0,1753.0,2296.0,1502.0,3.0,269.0,17.0,93.0,977.0,0.0,1162.0,3854.0,5566.0,464.0,4790.0,2.0,505.0,776.0,0.0,0.0,0.0,0.0,436.0,672.0,12.0,4491.0,29.0
France,73256.0,5633.0,16143.0,26946.0,9951.0,61.0,3470.0,5041.0,2226.0,3194.0,5.0,7548.0,52332.0,38438.0,14554.0,39013.0,23.0,5925.0,9903.0,0.0,4.0,14.0,4.0,13394.0,7863.0,310.0,25709.0,897.0
Gabon,1864.0,124.0,142.0,630.0,165.0,113.0,119.0,86.0,1109.0,5.0,46.0,425.0,390.0,1418.0,942.0,1273.0,100.0,45.0,73.0,0.0,38.0,19.0,14.0,887.0,44.0,139.0,378.0,454.0
Gambia,2059.0,137.0,162.0,369.0,593.0,360.0,211.0,270.0,1141.0,6.0,2052.0,392.0,377.0,879.0,2530.0,705.0,300.0,56.0,86.0,20.0,127.0,32.0,55.0,471.0,51.0,426.0,477.0,1324.0
Georgia,14743.0,2030.0,2173.0,1735.0,1910.0,3.0,1475.0,5.0,255.0,682.0,1195.0,1078.0,5342.0,3888.0,4403.0,4513.0,3.0,317.0,231.0,0.0,5.0,4.0,2.0,3141.0,521.0,29.0,3530.0,167.0
Germany,185236.0,14091.0,22084.0,47456.0,19986.0,88.0,6671.0,604.0,2773.0,4816.0,4.0,18069.0,94196.0,100635.0,31602.0,84764.0,35.0,5980.0,12109.0,0.0,3.0,10.0,6.0,29057.0,10382.0,320.0,60888.0,913.0
Ghana,29753.0,3059.0,2993.0,6663.0,1972.0,4317.0,1088.0,2999.0,15149.0,39.0,18347.0,3733.0,4542.0,15717.0,29473.0,11393.0,3278.0,767.0,1106.0,71.0,1366.0,369.0,319.0,11037.0,1259.0,4554.0,7788.0,12754.0
Greece,24450.0,2228.0,5206.0,2958.0,1318.0,3.0,2266.0,6.0,343.0,604.0,13.0,794.0,18251.0,12273.0,7979.0,11748.0,3.0,471.0,902.0,0.0,1.0,1.0,1.0,7546.0,1604.0,102.0,9037.0,121.0
Greenland,45.0,5.0,9.0,30.0,6.0,0.0,7.0,0.0,3.0,0.0,0.0,4.0,80.0,22.0,6.0,27.0,0.0,5.0,4.0,0.0,0.0,0.0,0.0,5.0,2.0,0.0,21.0,3.0
Grenada,155.0,15.0,37.0,32.0,18.0,1.0,8.0,4.0,14.0,4.0,1.0,36.0,32.0,166.0,66.0,113.0,0.0,4.0,4.0,0.0,0.0,0.0,0.0,65.0,13.0,3.0,41.0,7.0
Guam,219.0,39.0,49.0,21.0,22.0,4.0,24.0,3.0,10.0,0.0,0.0,27.0,106.0,160.0,39.0,136.0,1.0,9.0,3.0,0.0,0.0,0.0,0.0,39.0,8.0,1.0,107.0,12.0
Guatemala,8586.0,1553.0,1318.0,4171.0,1578.0,1574.0,885.0,1460.0,1434.0,394.0,5318.0,1180.0,2223.0,11399.0,8794.0,8329.0,971.0,987.0,417.0,14.0,959.0,203.0,95.0,3443.0,426.0,703.0,2870.0,1728.0
Guinea,9317.0,734.0,696.0,1235.0,1258.0,3264.0,1108.0,3404.0,3729.0,70.0,13395.0,1522.0,1996.0,4363.0,15907.0,2903.0,2734.0,178.0,416.0,229.0,3417.0,685.0,365.0,2474.0,202.0,3528.0,2211.0,9486.0
Guinea-Bissau,1636.0,121.0,117.0,454.0,338.0,440.0,109.0,257.0,1310.0,8.0,1915.0,461.0,266.0,723.0,2287.0,562.0,359.0,61.0,57.0,53.0,283.0,47.0,29.0,367.0,56.0,405.0,374.0,1434.0
Guyana,1304.0,125.0,142.0,313.0,315.0,36.0,65.0,51.0,179.0,13.0,69.0,242.0,251.0,1128.0,554.0,837.0,18.0,42.0,33.0,0.0,7.0,6.0,5.0,485.0,87.0,28.0,362.0,158.0
Haiti,16219.0,1265.0,2479.0,3443.0,2449.0,3347.0,691.0,2890.0,4306.0,574.0,16146.0,3979.0,2271.0,9746.0,17683.0,4691.0,2709.0,624.0,327.0,124.0,1258.0,1004.0,268.0,1508.0,956.0,2232.0,4980.0,5812.0
Honduras,10233.0,1703.0,966.0,1852.0,1415.0,581.0,913.0,401.0,757.0,931.0,5974.0,1275.0,3344.0,4782.0,7957.0,4581.0,460.0,403.0,297.0,4.0,101.0,85.0,40.0,1925.0,318.0,140.0,3393.0,1051.0
Hungary,37776.0,9933.0,5825.0,7168.0,3907.0,74.0,2228.0,52.0,515.0,3580.0,410.0,1820.0,15320.0,14471.0,8951.0,15125.0,23.0,296.0,926.0,0.0,6.0,14.0,1.0,8149.0,1943.0,22.0,14010.0,112.0
Iceland,344.0,33.0,71.0,59.0,38.0,0.0,19.0,3.0,6.0,25.0,0.0,32.0,244.0,170.0,23.0,164.0,0.0,30.0,29.0,0.0,0.0,0.0,0.0,19.0,25.0,1.0,157.0,2.0
India,1439478.0,169544.0,222854.0,261096.0,487166.0,338521.0,220564.0,60991.0,90387.0,183302.0,1047673.0,165310.0,836057.0,855985.0,2087016.0,343479.0,242866.0,64186.0,123734.0,1553.0,42235.0,15072.0,5166.0,947584.0,101014.0,125512.0,555842.0,362478.0
Indonesia,530700.0,100475.0,29356.0,23578.0,69372.0,33703.0,52710.0,24668.0,13301.0,3749.0,88747.0,46796.0,223481.0,166316.0,221663.0,87652.0,13655.0,8987.0,10558.0,228.0,4935.0,2451.0,1214.0,129281.0,42971.0,5736.0,113820.0,32449.0
Iran,94234.0,3525.0,25735.0,1694.0,5328.0,238.0,6821.0,205.0,663.0,3124.0,73.0,5372.0,28860.0,48431.0,50916.0,49884.0,221.0,4714.0,2799.0,0.0,40.0,25.0,28.0,49495.0,6688.0,303.0,42228.0,1978.0
Iraq,57255.0,1615.0,12340.0,399.0,6306.0,277.0,7324.0,520.0,323.0,7658.0,150.0,2055.0,21408.0,34188.0,29214.0,27381.0,136.0,902.0,866.0,4.0,372.0,212.0,48.0,28831.0,4611.0,101.0,22394.0,6462.0
Ireland,4238.0,236.0,583.0,870.0,378.0,1.0,303.0,10.0,93.0,265.0,0.0,308.0,3617.0,2199.0,608.0,2001.0,1.0,303.0,189.0,0.0,0.0,1.0,0.0,596.0,427.0,18.0,1592.0,55.0
Israel,6198.0,482.0,1600.0,572.0,258.0,13.0,377.0,49.0,153.0,19.0,1.0,87.0,3698.0,6443.0,2828.0,4294.0,8.0,275.0,311.0,0.0,1.0,4.0,1.0,2648.0,696.0,30.0,1740.0,98.0
Italy,110155.0,13669.0,24632.0,22419.0,12496.0,98.0,6198.0,537.0,2064.0,4929.0,28.0,14001.0,56648.0,65721.0,33210.0,60219.0,56.0,3904.0,7613.0,0.0,2.0,8.0,2.0,29386.0,10768.0,234.0,35438.0,371.0
Jamaica,3884.0,436.0,629.0,400.0,652.0,57.0,229.0,73.0,509.0,31.0,331.0,690.0,1054.0,3410.0,1454.0,2796.0,33.0,55.0,67.0,0.0,2.0,4.0,4.0,1102.0,501.0,37.0,851.0,271.0
Japan,179952.0,37277.0,25626.0,36591.0,26731.0,456.0,13051.0,1635.0,4206.0,11679.0,30.0,8577.0,132467.0,127178.0,52082.0,46108.0,157.0,8074.0,9776.0,0.0,14.0,10.0,8.0,49306.0,15368.0,688.0,55747.0,330.0
Jordan,7360.0,260.0,2009.0,73.0,1299.0,30.0,927.0,40.0,82.0,238.0,2.0,868.0,3572.0,5804.0,3625.0,6141.0,13.0,74.0,153.0,0.0,31.0,29.0,11.0,3565.0,642.0,34.0,3087.0,904.0
Kazakhstan,38439.0,4118.0,7709.0,7309.0,3431.0,21.0,3152.0,143.0,748.0,3248.0,239.0,469.0,12415.0,10379.0,13401.0,10413.0,19.0,2699.0,363.0,1.0,55.0,47.0,8.0,12694.0,1170.0,32.0,12751.0,1221.0
Kenya,24539.0,2477.0,1988.0,12824.0,5199.0,9012.0,1703.0,5827.0,28898.0,1021.0,26273.0,4424.0,7721.0,13790.0,29982.0,10382.0,7588.0,2712.0,1724.0,340.0,2304.0,1064.0,582.0,3571.0,980.0,7499.0,3681.0,13069.0
Kiribati,120.0,23.0,42.0,10.0,31.0,28.0,44.0,19.0,22.0,5.0,124.0,23.0,167.0,207.0,137.0,164.0,21.0,12.0,1.0,1.0,3.0,1.0,1.0,11.0,23.0,11.0,57.0,34.0
Kuwait,2333.0,178.0,660.0,19.0,304.0,2.0,375.0,5.0,19.0,179.0,0.0,76.0,1262.0,1721.0,1771.0,1969.0,0.0,64.0,82.0,0.0,6.0,5.0,1.0,1765.0,282.0,12.0,1384.0,120.0
Kyrgyzstan,8500.0,1121.0,2387.0,2149.0,1472.0,33.0,1284.0,72.0,310.0,1275.0,3142.0,313.0,4265.0,2031.0,5465.0,3045.0,34.0,715.0,99.0,1.0,81.0,27.0,8.0,2234.0,316.0,27.0,3668.0,823.0
Laos,9163.0,2118.0,538.0,2013.0,1416.0,571.0,1419.0,599.0,498.0,271.0,6810.0,1104.0,5281.0,4041.0,9234.0,1950.0,458.0,331.0,202.0,14.0,403.0,234.0,54.0,2361.0,182.0,494.0,2893.0,2162.0
Latvia,8768.0,594.0,1382.0,1730.0,1028.0,1.0,458.0,7.0,175.0,624.0,80.0,450.0,2343.0,2648.0,1581.0,3016.0,0.0,201.0,138.0,0.0,1.0,0.0,0.0,1491.0,349.0,4.0,3605.0,17.0
Lebanon,6187.0,185.0,1769.0,206.0,322.0,64.0,1109.0,32.0,88.0,28.0,11.0,105.0,4893.0,5464.0,2971.0,4509.0,8.0,87.0,247.0,0.0,18.0,15.0,2.0,2838.0,619.0,66.0,2512.0,224.0
Lesotho,2303.0,137.0,96.0,1097.0,829.0,1007.0,409.0,492.0,6202.0,64.0,2075.0,684.0,1814.0,1612.0,2473.0,1607.0,854.0,177.0,84.0,28.0,303.0,139.0,24.0,379.0,71.0,772.0,289.0,858.0
Liberia,3675.0,264.0,322.0,891.0,791.0,1307.0,189.0,848.0,1551.0,131.0,4057.0,858.0,477.0,1773.0,4602.0,1816.0,1049.0,79.0,134.0,45.0,596.0,171.0,153.0,536.0,178.0,943.0,781.0,2956.0
Libya,9069.0,276.0,2240.0,146.0,975.0,36.0,1377.0,38.0,226.0,608.0,14.0,815.0,3663.0,4305.0,4540.0,5849.0,23.0,314.0,344.0,0.0,26.0,6.0,8.0,4441.0,649.0,39.0,3541.0,475.0
Lithuania,12027.0,866.0,2040.0,1843.0,1080.0,4.0,530.0,8.0,235.0,1097.0,21.0,553.0,3578.0,3157.0,1741.0,3996.0,2.0,324.0,221.0,0.0,1.0,1.0,0.0,1707.0,756.0,6.0,5567.0,18.0
Luxembourg,649.0,50.0,98.0,196.0,62.0,1.0,39.0,10.0,11.0,51.0,0.0,57.0,454.0,399.0,102.0,316.0,0.0,44.0,56.0,0.0,0.0,0.0,0.0,87.0,49.0,2.0,227.0,5.0
Madagascar,21714.0,3187.0,1171.0,2870.0,5601.0,11158.0,1834.0,9891.0,4296.0,1158.0,26359.0,6850.0,3514.0,6236.0,27648.0,5588.0,9673.0,455.0,569.0,302.0,4398.0,1506.0,447.0,1241.0,334.0,7590.0,3561.0,12738.0
Malawi,12004.0,1552.0,584.0,3518.0,2195.0,5303.0,980.0,3017.0,17616.0,151.0,14802.0,3007.0,4483.0,5292.0,15903.0,3549.0,4557.0,426.0,598.0,105.0,1947.0,399.0,271.0,1073.0,246.0,4013.0,2380.0,7822.0
Malaysia,44847.0,8414.0,5944.0,2288.0,3837.0,532.0,5659.0,401.0,2057.0,60.0,40.0,3243.0,19259.0,21914.0,15654.0,12532.0,169.0,2084.0,1381.0,0.0,66.0,42.0,63.0,15197.0,2452.0,318.0,18358.0,1013.0
Maldives,313.0,63.0,49.0,13.0,48.0,9.0,45.0,7.0,9.0,8.0,8.0,27.0,166.0,160.0,88.0,80.0,1.0,17.0,6.0,0.0,2.0,1.0,1.0,69.0,33.0,1.0,112.0,29.0
Mali,10158.0,863.0,985.0,1739.0,2492.0,6533.0,1597.0,12381.0,4641.0,241.0,21419.0,2248.0,2743.0,6494.0,26307.0,3794.0,5508.0,274.0,642.0,923.0,5878.0,1059.0,502.0,4804.0,524.0,4865.0,2054.0,33750.0
Malta,706.0,65.0,194.0,72.0,66.0,0.0,38.0,1.0,9.0,30.0,0.0,34.0,317.0,484.0,196.0,340.0,0.0,20.0,35.0,0.0,0.0,0.0,0.0,180.0,79.0,3.0,301.0,9.0
Marshall Islands,71.0,14.0,22.0,10.0,23.0,3.0,14.0,1.0,5.0,3.0,41.0,20.0,46.0,111.0,52.0,86.0,2.0,3.0,1.0,0.0,1.0,0.0,0.0,11.0,17.0,3.0,37.0,8.0
Mauritania,3635.0,262.0,525.0,173.0,1001.0,526.0,380.0,361.0,226.0,279.0,1952.0,747.0,467.0,1468.0,3691.0,1755.0,432.0,21.0,161.0,10.0,179.0,70.0,98.0,1730.0,239.0,561.0,830.0,1968.0
Mauritius,2587.0,573.0,419.0,274.0,730.0,12.0,349.0,27.0,129.0,57.0,5.0,360.0,991.0,3311.0,419.0,1936.0,6.0,116.0,43.0,0.0,3.0,2.0,1.0,414.0,225.0,4.0,757.0,71.0
Mexico,116339.0,13268.0,13274.0,38853.0,12636.0,1872.0,8020.0,6922.0,10824.0,8988.0,6328.0,15099.0,32299.0,154023.0,50073.0,116838.0,812.0,8098.0,4289.0,19.0,538.0,315.0,117.0,41690.0,9670.0,1250.0,47690.0,8467.0
Micronesia (country),146.0,30.0,42.0,13.0,45.0,6.0,34.0,3.0,10.0,7.0,85.0,41.0,119.0,160.0,109.0,151.0,4.0,5.0,3.0,0.0,1.0,0.0,0.0,24.0,29.0,5.0,75.0,9.0
Moldova,14412.0,701.0,1961.0,3251.0,1676.0,7.0,863.0,14.0,345.0,1594.0,1474.0,954.0,4672.0,3373.0,3830.0,5151.0,6.0,759.0,119.0,0.0,4.0,6.0,1.0,2332.0,508.0,29.0,4637.0,81.0
Monaco,77.0,6.0,14.0,16.0,3.0,0.0,5.0,0.0,1.0,0.0,0.0,2.0,71.0,39.0,16.0,39.0,0.0,3.0,2.0,0.0,0.0,0.0,0.0,14.0,7.0,0.0,30.0,0.0
Mongolia,3973.0,528.0,886.0,2059.0,1036.0,16.0,395.0,31.0,148.0,544.0,643.0,368.0,2368.0,786.0,2370.0,1242.0,14.0,534.0,72.0,0.0,41.0,17.0,5.0,1711.0,49.0,41.0,1373.0,354.0
Montenegro,2510.0,658.0,345.0,295.0,70.0,0.0,269.0,1.0,23.0,145.0,147.0,18.0,1120.0,953.0,827.0,810.0,0.0,23.0,28.0,0.0,0.0,0.0,0.0,675.0,88.0,1.0,735.0,8.0
Morocco,87898.0,2368.0,20610.0,518.0,4103.0,538.0,7788.0,446.0,1255.0,6552.0,1829.0,4630.0,14559.0,42533.0,28524.0,32247.0,223.0,1242.0,1464.0,9.0,184.0,217.0,109.0,25965.0,5704.0,430.0,33869.0,3758.0
Mozambique,22520.0,2977.0,1323.0,4646.0,5511.0,6628.0,1487.0,5232.0,38222.0,213.0,26681.0,5435.0,5938.0,8934.0,28551.0,6193.0,5658.0,944.0,973.0,192.0,3674.0,991.0,364.0,1839.0,417.0,5334.0,3093.0,19019.0
Myanmar,92227.0,20253.0,6283.0,18871.0,19272.0,3802.0,11615.0,3060.0,4421.0,38.0,69213.0,8612.0,47058.0,51736.0,101582.0,19822.0,2904.0,4486.0,2642.0,41.0,1686.0,1005.0,316.0,31202.0,1636.0,1841.0,24695.0,11577.0
Namibia,2281.0,120.0,208.0,901.0,674.0,543.0,252.0,333.0,2873.0,183.0,639.0,467.0,875.0,1431.0,1525.0,1405.0,427.0,98.0,71.0,6.0,109.0,77.0,13.0,853.0,152.0,339.0,456.0,614.0
Nauru,22.0,3.0,5.0,3.0,4.0,0.0,4.0,0.0,1.0,0.0,0.0,3.0,12.0,17.0,2.0,18.0,0.0,1.0,0.0,0.0,0.0,0.0,0.0,2.0,1.0,1.0,10.0,2.0
Nepal,22966.0,3720.0,2967.0,4944.0,6384.0,3044.0,4548.0,1799.0,1793.0,3611.0,33873.0,4181.0,24097.0,16439.0,48499.0,6089.0,2195.0,738.0,1350.0,12.0,660.0,243.0,239.0,12680.0,1032.0,1531.0,9304.0,9218.0
Netherlands,19131.0,1365.0,3602.0,5275.0,1665.0,14.0,1035.0,134.0,380.0,522.0,1.0,1865.0,20612.0,11323.0,5658.0,9393.0,6.0,481.0,3238.0,0.0,1.0,3.0,1.0,5144.0,1392.0,84.0,7120.0,236.0
New Zealand,5029.0,364.0,981.0,1094.0,405.0,13.0,240.0,14.0,72.0,175.0,1.0,378.0,3400.0,3146.0,651.0,2869.0,5.0,246.0,421.0,0.0,1.0,1.0,0.0,613.0,578.0,8.0,2228.0,98.0
Nicaragua,4071.0,653.0,412.0,1150.0,1124.0,136.0,341.0,178.0,539.0,233.0,1876.0,1088.0,973.0,3320.0,2498.0,2991.0,109.0,213.0,130.0,0.0,37.0,39.0,9.0,608.0,191.0,59.0,1261.0,622.0
Niger,10075.0,769.0,903.0,983.0,2588.0,12630.0,1128.0,11495.0,1888.0,12.0,20678.0,1155.0,1122.0,4352.0,24676.0,2566.0,10874.0,138.0,496.0,965.0,12076.0,2330.0,735.0,3944.0,340.0,8977.0,1804.0,22339.0
Nigeria,118500.0,6593.0,13396.0,30275.0,18233.0,98102.0,6336.0,82471.0,65375.0,254.0,130996.0,12289.0,9684.0,56676.0,206715.0,46948.0,77843.0,10429.0,5565.0,2151.0,87319.0,20468.0,4511.0,74957.0,5427.0,67451.0,30381.0,210017.0
Niue,5.0,1.0,1.0,0.0,1.0,0.0,1.0,0.0,0.0,0.0,0.0,1.0,2.0,6.0,1.0,4.0,0.0,0.0,0.0,0.0,0.0,0.0,0.0,1.0,0.0,0.0,2.0,0.0
North Korea,57958.0,17250.0,5003.0,7578.0,9286.0,42.0,9716.0,388.0,1640.0,6077.0,63401.0,4944.0,34352.0,19620.0,73611.0,10380.0,37.0,1134.0,1546.0,1.0,86.0,24.0,32.0,8810.0,2320.0,180.0,18291.0,852.0
North Macedonia,8127.0,2241.0,1237.0,1012.0,454.0,9.0,1024.0,5.0,93.0,175.0,407.0,107.0,3345.0,3639.0,3264.0,2798.0,4.0,97.0,68.0,0.0,1.0,3.0,0.0,2843.0,386.0,3.0,2947.0,46.0
Northern Mariana Islands,62.0,11.0,15.0,9.0,7.0,2.0,10.0,1.0,5.0,0.0,0.0,6.0,43.0,75.0,15.0,61.0,1.0,3.0,2.0,0.0,0.0,0.0,0.0,14.0,5.0,1.0,28.0,1.0
Norway,5157.0,336.0,1193.0,1006.0,389.0,9.0,273.0,195.0,160.0,313.0,0.0,433.0,3508.0,3086.0,530.0,2160.0,4.0,429.0,779.0,0.0,0.0,0.0,0.0,458.0,494.0,30.0,2064.0,32.0
Oman,2796.0,100.0,542.0,46.0,168.0,14.0,228.0,23.0,68.0,316.0,0.0,260.0,555.0,1735.0,1609.0,1903.0,2.0,46.0,119.0,0.0,12.0,6.0,3.0,1593.0,221.0,12.0,1271.0,214.0
Pakistan,191619.0,21601.0,58123.0,9638.0,44222.0,28947.0,29320.0,22786.0,6438.0,22658.0,147846.0,31390.0,101260.0,119216.0,256023.0,70519.0,19485.0,10025.0,6318.0,237.0,16229.0,6245.0,2072.0,102996.0,10709.0,11225.0,74919.0,171650.0
Palau,38.0,7.0,10.0,4.0,6.0,2.0,5.0,0.0,3.0,0.0,0.0,5.0,21.0,46.0,6.0,35.0,1.0,1.0,1.0,0.0,0.0,0.0,0.0,6.0,3.0,1.0,18.0,1.0
Palestine,3526.0,126.0,1054.0,79.0,603.0,13.0,497.0,19.0,23.0,242.0,115.0,423.0,1681.0,2558.0,2007.0,2681.0,3.0,26.0,57.0,0.0,16.0,12.0,3.0,1863.0,370.0,29.0,1667.0,466.0
Panama,3506.0,561.0,303.0,621.0,472.0,72.0,161.0,144.0,693.0,130.0,37.0,495.0,844.0,2843.0,820.0,2620.0,45.0,108.0,94.0,0.0,29.0,19.0,10.0,758.0,194.0,28.0,1044.0,266.0
Papua New Guinea,5907.0,1357.0,1925.0,585.0,1922.0,2231.0,2561.0,2300.0,1120.0,446.0,12263.0,1129.0,4800.0,6556.0,13787.0,3992.0,1843.0,182.0,208.0,43.0,2025.0,366.0,143.0,1521.0,472.0,1679.0,2671.0,3937.0
Paraguay,6332.0,895.0,743.0,1722.0,650.0,65.0,592.0,228.0,718.0,192.0,1102.0,976.0,3462.0,5610.0,2350.0,4500.0,44.0,268.0,231.0,1.0,27.0,28.0,22.0,1188.0,365.0,88.0,2243.0,613.0
Peru,18918.0,3095.0,2505.0,6476.0,2974.0,367.0,1127.0,1573.0,3750.0,1296.0,1948.0,2925.0,5758.0,15458.0,15224.0,13225.0,275.0,634.0,1183.0,3.0,324.0,81.0,122.0,13167.0,1296.0,1183.0,5750.0,2471.0
Philippines,123769.0,32142.0,12304.0,27478.0,20615.0,4750.0,18392.0,5657.0,6685.0,3581.0,54955.0,20674.0,72993.0,64870.0,98209.0,44982.0,1873.0,4026.0,2524.0,75.0,2404.0,1000.0,292.0,43158.0,4120.0,3018.0,47886.0,16423.0
Poland,82901.0,20329.0,16622.0,22859.0,11998.0,291.0,6519.0,242.0,2052.0,9533.0,1078.0,3511.0,51198.0,48494.0,33965.0,39608.0,79.0,2539.0,2882.0,0.0,15.0,19.0,1.0,32315.0,6918.0,228.0,35236.0,469.0
Portugal,16423.0,1286.0,2889.0,4813.0,1645.0,18.0,1265.0,150.0,617.0,696.0,7.0,1013.0,6997.0,14001.0,2580.0,9253.0,9.0,580.0,968.0,0.0,1.0,1.0,1.0,2276.0,1871.0,129.0,6074.0,79.0
Puerto Rico,5156.0,542.0,1126.0,930.0,692.0,51.0,221.0,105.0,263.0,50.0,0.0,1244.0,1727.0,7316.0,485.0,5171.0,5.0,212.0,211.0,0.0,1.0,1.0,1.0,479.0,615.0,50.0,1558.0,46.0
Qatar,599.0,23.0,230.0,39.0,20.0,2.0,103.0,3.0,13.0,8.0,0.0,4.0,317.0,757.0,567.0,722.0,0.0,31.0,46.0,0.0,1.0,1.0,1.0,562.0,92.0,2.0,298.0,44.0
Romania,90637.0,23784.0,9336.0,16648.0,7035.0,162.0,4926.0,159.0,1940.0,6525.0,939.0,515.0,25483.0,26019.0,19241.0,28153.0,114.0,1509.0,1030.0,1.0,48.0,40.0,4.0,18187.0,3636.0,140.0,31256.0,381.0
Russia,513141.0,53587.0,95222.0,117583.0,48387.0,131.0,33570.0,412.0,16475.0,47459.0,1278.0,22475.0,196883.0,163237.0,93885.0,177027.0,131.0,26406.0,6580.0,0.0,133.0,104.0,25.0,91533.0,28051.0,351.0,255684.0,2120.0
Rwanda,7376.0,1213.0,802.0,3380.0,71.0,1899.0,560.0,1371.0,4726.0,240.0,9487.0,1833.0,4250.0,3514.0,10306.0,2114.0,1611.0,231.0,505.0,43.0,1010.0,91.0,142.0,766.0,182.0,1890.0,925.0,3830.0
Saint Kitts and Nevis,95.0,9.0,16.0,23.0,23.0,1.0,4.0,4.0,15.0,2.0,0.0,15.0,16.0,78.0,9.0,62.0,1.0,3.0,2.0,0.0,0.0,0.0,0.0,9.0,7.0,1.0,25.0,4.0
Saint Lucia,283.0,30.0,48.0,80.0,41.0,2.0,11.0,6.0,19.0,4.0,4.0,61.0,67.0,271.0,112.0,178.0,1.0,5.0,7.0,0.0,0.0,0.0,0.0,108.0,24.0,4.0,52.0,14.0
Saint Vincent and the Grenadines,215.0,25.0,35.0,54.0,34.0,2.0,10.0,10.0,25.0,2.0,3.0,52.0,40.0,182.0,79.0,125.0,1.0,4.0,5.0,0.0,0.0,0.0,0.0,76.0,16.0,4.0,45.0,7.0
Samoa,288.0,21.0,80.0,17.0,59.0,4.0,60.0,7.0,14.0,3.0,203.0,83.0,156.0,276.0,253.0,242.0,1.0,7.0,6.0,0.0,2.0,1.0,0.0,49.0,31.0,3.0,100.0,24.0
San Marino,34.0,3.0,6.0,9.0,3.0,0.0,1.0,0.0,0.0,1.0,0.0,3.0,20.0,19.0,7.0,17.0,0.0,1.0,2.0,0.0,0.0,0.0,0.0,6.0,3.0,0.0,12.0,0.0
Sao Tome and Principe,180.0,12.0,23.0,49.0,12.0,11.0,5.0,10.0,16.0,1.0,108.0,28.0,26.0,69.0,146.0,67.0,8.0,2.0,7.0,0.0,3.0,1.0,1.0,36.0,4.0,24.0,40.0,28.0
Saudi Arabia,31432.0,1266.0,8338.0,445.0,5721.0,128.0,4145.0,128.0,578.0,3833.0,3.0,4301.0,10860.0,19523.0,21750.0,27560.0,30.0,849.0,1706.0,0.0,18.0,19.0,77.0,21491.0,2675.0,112.0,16801.0,557.0
Senegal,14100.0,963.0,1296.0,775.0,3029.0,1924.0,1308.0,1054.0,1990.0,108.0,12605.0,1697.0,1923.0,7608.0,15250.0,4642.0,1661.0,136.0,569.0,30.0,679.0,330.0,272.0,2603.0,626.0,1890.0,2981.0,7199.0
Serbia,42819.0,11201.0,5798.0,4853.0,1914.0,20.0,3635.0,17.0,617.0,2207.0,2062.0,2165.0,14822.0,18058.0,15760.0,14519.0,7.0,707.0,402.0,0.0,2.0,3.0,1.0,13608.0,2070.0,21.0,17241.0,132.0
Seychelles,173.0,36.0,13.0,25.0,32.0,3.0,16.0,3.0,12.0,3.0,0.0,36.0,77.0,93.0,21.0,91.0,1.0,9.0,3.0,0.0,0.0,0.0,0.0,21.0,8.0,2.0,46.0,8.0
Sierra Leone,7228.0,459.0,552.0,1258.0,1258.0,2545.0,750.0,4500.0,2030.0,23.0,8679.0,892.0,1243.0,2630.0,9925.0,1802.0,2116.0,80.0,256.0,63.0,1640.0,287.0,245.0,1229.0,227.0,2062.0,1606.0,7866.0
Singapore,2768.0,847.0,531.0,144.0,366.0,7.0,278.0,7.0,133.0,218.0,0.0,317.0,1717.0,2020.0,1589.0,1237.0,2.0,74.0,105.0,0.0,1.0,1.0,0.0,1547.0,184.0,27.0,1496.0,24.0
Slovakia,16028.0,4303.0,2914.0,2773.0,1702.0,4.0,1286.0,17.0,235.0,1093.0,9.0,870.0,5970.0,6133.0,4306.0,6240.0,1.0,321.0,362.0,0.0,8.0,5.0,0.0,4229.0,725.0,21.0,6842.0,94.0
Slovenia,3824.0,1121.0,432.0,985.0,321.0,5.0,321.0,7.0,55.0,144.0,13.0,403.0,1674.0,1825.0,901.0,2061.0,1.0,127.0,366.0,0.0,1.0,1.0,0.0,817.0,209.0,6.0,1130.0,10.0
Solomon Islands,649.0,137.0,164.0,47.0,196.0,48.0,191.0,43.0,56.0,56.0,1000.0,280.0,573.0,585.0,1069.0,461.0,40.0,34.0,16.0,3.0,31.0,6.0,12.0,68.0,62.0,71.0,324.0,98.0
Somalia,8430.0,1349.0,1076.0,1023.0,3088.0,12944.0,1398.0,15785.0,3888.0,131.0,20444.0,3376.0,3644.0,5403.0,21773.0,3155.0,10956.0,270.0,554.0,3465.0,8475.0,3566.0,864.0,1297.0,215.0,8116.0,1211.0,20748.0
South Africa,66134.0,2877.0,3912.0,21000.0,17645.0,9140.0,7691.0,5221.0,96827.0,4120.0,6372.0,11054.0,25562.0,51488.0,34080.0,52667.0,6602.0,3861.0,2118.0,125.0,2262.0,1687.0,245.0,27105.0,7716.0,7564.0,13729.0,12983.0
South Korea,35409.0,12987.0,4342.0,16325.0,6203.0,139.0,4558.0,191.0,1197.0,1508.0,4.0,3404.0,40927.0,32342.0,27021.0,14469.0,45.0,1682.0,3298.0,0.0,1.0,5.0,4.0,25478.0,3835.0,123.0,12548.0,202.0
South Sudan,5120.0,759.0,485.0,589.0,1273.0,9084.0,736.0,8983.0,3926.0,89.0,10541.0,1269.0,1818.0,3258.0,12047.0,1259.0,7709.0,160.0,316.0,393.0,3917.0,1409.0,355.0,1480.0,137.0,5367.0,896.0,10533.0
Spain,55738.0,2316.0,9619.0,13082.0,4211.0,56.0,5292.0,319.0,1459.0,1703.0,21.0,4981.0,41161.0,40586.0,12982.0,36460.0,35.0,4030.0,2731.0,0.0,1.0,5.0,2.0,9911.0,5304.0,244.0,17806.0,330.0
Sri Lanka,34479.0,7168.0,2941.0,3542.0,6234.0,536.0,2767.0,225.0,681.0,149.0,8477.0,3702.0,8998.0,22732.0,20437.0,10410.0,222.0,909.0,945.0,1.0,24.0,10.0,13.0,11378.0,1039.0,139.0,12423.0,768.0
Sudan,47287.0,1484.0,10959.0,315.0,6021.0,1414.0,4466.0,2082.0,4653.0,5102.0,17401.0,4813.0,11287.0,16214.0,34903.0,19472.0,1292.0,3045.0,938.0,65.0,1235.0,325.0,428.0,17315.0,5573.0,687.0,16571.0,14454.0
Suriname,718.0,77.0,95.0,144.0,143.0,24.0,63.0,17.0,114.0,10.0,19.0,138.0,278.0,657.0,413.0,404.0,9.0,26.0,22.0,0.0,3.0,5.0,2.0,393.0,63.0,14.0,268.0,93.0
Sweden,15429.0,1236.0,2855.0,2649.0,1524.0,25.0,514.0,127.0,285.0,626.0,0.0,1458.0,8529.0,7949.0,1018.0,6409.0,11.0,592.0,1187.0,0.0,0.0,1.0,1.0,911.0,938.0,45.0,5552.0,67.0
Switzerland,10124.0,946.0,1962.0,2371.0,1544.0,6.0,427.0,108.0,183.0,257.0,0.0,1601.0,7042.0,6544.0,1837.0,4809.0,2.0,577.0,1208.0,0.0,0.0,1.0,0.0,1580.0,747.0,24.0,3813.0,98.0
Syria,29483.0,943.0,8297.0,312.0,2523.0,37.0,3049.0,150.0,142.0,915.0,59.0,2851.0,10688.0,12971.0,13091.0,16853.0,16.0,292.0,330.0,1.0,63.0,8.0,12.0,12777.0,1912.0,82.0,14083.0,526.0
Taiwan,21011.0,5198.0,4523.0,6214.0,2707.0,28.0,4212.0,260.0,913.0,136.0,70.0,2590.0,22071.0,24342.0,10960.0,14505.0,11.0,1495.0,1513.0,0.0,4.0,4.0,2.0,10451.0,2791.0,127.0,6967.0,210.0
Tajikistan,10318.0,1330.0,2580.0,1117.0,1848.0,765.0,1104.0,1242.0,197.0,1452.0,5239.0,424.0,2544.0,2926.0,8597.0,3551.0,790.0,501.0,71.0,31.0,792.0,379.0,13.0,3278.0,311.0,428.0,3781.0,2740.0
Tanzania,33681.0,6886.0,2316.0,10785.0,5938.0,13097.0,2541.0,8647.0,33645.0,70.0,42079.0,6978.0,11120.0,15991.0,46862.0,14367.0,11145.0,2165.0,1693.0,249.0,6617.0,1290.0,1123.0,4706.0,358.0,9168.0,9149.0,26409.0
Thailand,73041.0,17430.0,6855.0,25335.0,6555.0,4701.0,10483.0,1657.0,15517.0,26.0,3590.0,9674.0,56851.0,62296.0,58564.0,32153.0,612.0,7836.0,4468.0,1.0,148.0,128.0,57.0,53356.0,5850.0,2526.0,26514.0,996.0
Togo,6649.0,466.0,560.0,1146.0,1939.0,2289.0,519.0,1103.0,2550.0,36.0,6836.0,1486.0,1829.0,2326.0,8268.0,2184.0,1845.0,124.0,240.0,51.0,869.0,227.0,101.0,1400.0,135.0,1818.0,1553.0,3930.0
Tokelau,3.0,1.0,1.0,0.0,1.0,0.0,0.0,0.0,0.0,0.0,0.0,0.0,1.0,3.0,0.0,2.0,0.0,0.0,0.0,0.0,0.0,0.0,0.0,0.0,0.0,0.0,1.0,0.0
Tonga,101.0,18.0,27.0,7.0,19.0,3.0,25.0,5.0,9.0,3.0,61.0,17.0,87.0,140.0,87.0,117.0,1.0,7.0,3.0,0.0,1.0,0.0,0.0,25.0,13.0,4.0,44.0,9.0
Trinidad and Tobago,2576.0,217.0,664.0,372.0,514.0,15.0,196.0,20.0,246.0,22.0,0.0,396.0,716.0,3087.0,1167.0,2142.0,5.0,46.0,54.0,0.0,1.0,2.0,3.0,1165.0,381.0,16.0,875.0,86.0
Tunisia,19426.0,677.0,4436.0,523.0,2070.0,61.0,2372.0,48.0,237.0,514.0,25.0,1259.0,9129.0,9648.0,8010.0,9579.0,23.0,343.0,488.0,0.0,21.0,21.0,10.0,7760.0,1103.0,65.0,8108.0,643.0
Turkey,120132.0,3028.0,31097.0,3527.0,4045.0,401.0,18842.0,913.0,1177.0,1327.0,277.0,395.0,70738.0,73099.0,60371.0,72672.0,127.0,970.0,3426.0,2.0,83.0,96.0,52.0,57000.0,10243.0,645.0,43123.0,3630.0
Turkmenistan,11108.0,1262.0,2806.0,2064.0,868.0,28.0,1316.0,191.0,236.0,1911.0,3.0,95.0,2802.0,3175.0,3678.0,3405.0,28.0,805.0,45.0,0.0,143.0,47.0,12.0,3644.0,375.0,11.0,4425.0,723.0
Tuvalu,24.0,4.0,6.0,2.0,5.0,1.0,4.0,1.0,1.0,1.0,5.0,5.0,13.0,19.0,6.0,18.0,1.0,1.0,0.0,0.0,0.0,0.0,0.0,1.0,2.0,1.0,10.0,1.0
Uganda,16423.0,2308.0,1424.0,8752.0,1086.0,6584.0,1108.0,5825.0,25482.0,76.0,25474.0,4411.0,4167.0,10417.0,28944.0,5556.0,5681.0,347.0,1064.0,84.0,5387.0,604.0,489.0,3385.0,468.0,5882.0,2666.0,22137.0
Ukraine,235583.0,11028.0,52859.0,30871.0,28749.0,16.0,14995.0,67.0,4489.0,31922.0,5198.0,5870.0,61421.0,49269.0,61903.0,65564.0,13.0,7040.0,1340.0,0.0,32.0,18.0,6.0,56361.0,7268.0,126.0,115304.0,554.0
United Arab Emirates,2742.0,120.0,876.0,247.0,286.0,11.0,467.0,13.0,102.0,18.0,0.0,288.0,1316.0,2251.0,1933.0,2805.0,1.0,175.0,156.0,0.0,6.0,4.0,4.0,1892.0,280.0,8.0,1631.0,116.0
United Kingdom,68440.0,5557.0,15546.0,19874.0,9922.0,29.0,3339.0,92.0,1581.0,8769.0,2.0,6920.0,73533.0,38509.0,17100.0,39876.0,8.0,6633.0,5480.0,0.0,3.0,13.0,5.0,16551.0,11417.0,474.0,30570.0,1182.0
United States,462447.0,47953.0,76487.0,111663.0,69592.0,406.0,24387.0,12648.0,13041.0,8223.0,16.0,53379.0,342532.0,383845.0,63587.0,334863.0,516.0,110332.0,30689.0,0.0,48.0,74.0,157.0,50064.0,32018.0,420.0,161837.0,7806.0
United States Virgin Islands,165.0,17.0,33.0,32.0,12.0,1.0,9.0,2.0,10.0,1.0,0.0,22.0,42.0,140.0,18.0,112.0,0.0,4.0,4.0,0.0,0.0,0.0,0.0,18.0,12.0,1.0,58.0,1.0
Uruguay,5364.0,788.0,1195.0,1104.0,639.0,27.0,479.0,65.0,366.0,430.0,22.0,725.0,3432.0,3045.0,1115.0,2920.0,8.0,123.0,245.0,0.0,3.0,3.0,2.0,1047.0,311.0,20.0,1867.0,72.0
Uzbekistan,53532.0,6781.0,16829.0,6045.0,5737.0,51.0,5048.0,652.0,1319.0,9825.0,5276.0,212.0,12436.0,19702.0,32524.0,21334.0,58.0,3030.0,371.0,1.0,671.0,474.0,30.0,27099.0,1095.0,241.0,26152.0,5340.0
Vanuatu,476.0,71.0,103.0,36.0,65.0,26.0,41.0,17.0,21.0,18.0,439.0,64.0,163.0,304.0,478.0,223.0,20.0,16.0,6.0,2.0,10.0,3.0,1.0,39.0,8.0,17.0,201.0,55.0
Venezuela,42300.0,6671.0,4385.0,5884.0,4907.0,684.0,2881.0,980.0,4228.0,6489.0,179.0,5201.0,11526.0,27292.0,12056.0,26607.0,344.0,942.0,1138.0,8.0,157.0,134.0,78.0,11697.0,1779.0,312.0,13276.0,3408.0
Vietnam,173808.0,35739.0,7126.0,46156.0,21096.0,884.0,18813.0,595.0,6531.0,932.0,57192.0,9931.0,84571.0,68154.0,99774.0,18976.0,596.0,9301.0,9239.0,2.0,487.0,312.0,42.0,41479.0,5014.0,887.0,37680.0,5753.0
Yemen,31663.0,1229.0,8343.0,368.0,8030.0,1173.0,4563.0,2643.0,716.0,4592.0,13261.0,6185.0,13138.0,9576.0,25948.0,11050.0,911.0,483.0,1001.0,97.0,1414.0,533.0,305.0,12486.0,1952.0,1036.0,13966.0,13862.0
Zambia,10977.0,1828.0,668.0,4020.0,4448.0,3561.0,979.0,2644.0,20785.0,133.0,11386.0,3520.0,2870.0,5900.0,13666.0,4634.0,3071.0,466.0,551.0,113.0,2148.0,316.0,198.0,2236.0,322.0,2895.0,1740.0,7201.0
Zimbabwe,12776.0,937.0,886.0,4429.0,3882.0,3835.0,1651.0,4331.0,20308.0,315.0,13524.0,3829.0,7205.0,7544.0,15077.0,6808.0,2899.0,678.0,373.0,117.0,1640.0,701.0,242.0,1516.0,522.0,2849.0,2444.0,7413.0
Africa,1065944.0,74742.0,141294.0,199379.0,179610.0,330467.0,98594.0,285884.0,526755.0,45880.0,760490.0,159809.0,273480.0,553852.0,1168700.0,491144.0,272896.0,37447.0,38800.0,14075.0,221192.0,56820.0,20479.0,402033.0,57451.0,249618.0,295149.0,729286.0
African Region (WHO),726883.0,62900.0,75051.0,193696.0,153308.0,314213.0,61029.0,264856.0,514635.0,20871.0,720343.0,144131.0,168989.0,393113.0,953762.0,309546.0,259343.0,30973.0,33667.0,10515.0,209229.0,51477.0,18873.0,229193.0,33444.0,239137.0,158308.0,681332.0
Americas (WHO),1119901.0,141082.0,166367.0,276474.0,140797.0,14084.0,79222.0,39580.0,82724.0,41874.0,56331.0,144248.0,631069.0,920387.0,326525.0,785877.0,9189.0,145515.0,64225.0,204.0,4591.0,2762.0,1594.0,247914.0,81950.0,13040.0,401994.0,58324.0
Asia,6745914.0,1407203.0,892069.0,922813.0,1159754.0,453579.0,992003.0,156464.0,245850.0,421032.0,2262957.0,440712.0,4370244.0,3011374.0,6124461.0,1644479.0,310197.0,201711.0,285283.0,3029.0,82742.0,32290.0,11957.0,3659275.0,394901.0,178176.0,2149109.0,737858.0
East Asia & Pacific (WB),4305325.0,1150283.0,449811.0,611164.0,514780.0,55406.0,642492.0,56806.0,133883.0,145907.0,794276.0,171526.0,3085379.0,1640657.0,3167038.0,910959.0,24884.0,109053.0,139576.0,430.0,14851.0,7038.0,2580.0,2281695.0,239329.0,24840.0,1222626.0,100871.0
Eastern Mediterranean (WHO),826484.0,44095.0,202347.0,19576.0,108655.0,50320.0,99775.0,51972.0,22109.0,71612.0,227636.0,78202.0,311058.0,439909.0,657769.0,418743.0,36829.0,24860.0,19845.0,4586.0,34122.0,13534.0,4782.0,420245.0,57066.0,26023.0,344602.0,259131.0
Europe,1867286.0,228456.0,335830.0,399207.0,195210.0,1362.0,116338.0,8961.0,42361.0,147304.0,16394.0,110167.0,870841.0,763716.0,432241.0,751538.0,630.0,75062.0,67477.0,3.0,299.0,318.0,66.0,398553.0,117905.0,3269.0,777945.0,9316.0
Europe & Central Asia (WB),2143764.0,249404.0,407644.0,425231.0,215845.0,2754.0,151674.0,12439.0,46915.0,169953.0,31867.0,113314.0,990652.0,884093.0,569502.0,877572.0,1773.0,84750.0,72153.0,39.0,2334.0,1542.0,194.0,516208.0,132497.0,4762.0,882861.0,25446.0
European Region (WHO),2158750.0,252187.0,410666.0,426857.0,216617.0,2776.0,153106.0,12493.0,47167.0,170177.0,32275.0,113537.0,997931.0,894638.0,575784.0,884977.0,1785.0,85137.0,72563.0,39.0,2336.0,1548.0,196.0,521873.0,133656.0,4798.0,887828.0,25596.0
High-income countries,1783362.0,243069.0,300694.0,424471.0,226191.0,2678.0,113551.0,24674.0,43984.0,83913.0,3186.0,158511.0,1168393.0,1168474.0,428770.0,965411.0,1417.0,170758.0,114733.0,3.0,260.0,347.0,326.0,390196.0,141086.0,4501.0,639008.0,17670.0
Latin America & Caribbean (WB),627612.0,90041.0,84557.0,155399.0,68051.0,13666.0,52485.0,26599.0,69039.0,33296.0,56313.0,89041.0,258011.0,519803.0,259466.0,434174.0,8612.0,30638.0,29444.0,204.0,4542.0,2680.0,1431.0,195085.0,48712.0,12630.0,227139.0,50001.0
Low-income countries,479054.0,54090.0,68601.0,88588.0,111320.0,170536.0,50420.0,162246.0,190304.0,26902.0,544996.0,110181.0,141565.0,224602.0,656940.0,167182.0,145914.0,12412.0,20646.0,11057.0,106003.0,26843.0,11794.0,108310.0,23015.0,129959.0,125405.0,380077.0
Lower-middle-income countries,3952056.0,491002.0,560897.0,564965.0,858656.0,600685.0,486504.0,260898.0,386682.0,317777.0,2095923.0,412735.0,1821720.0,1966408.0,4034667.0,1126236.0,431935.0,147097.0,187618.0,6071.0,196147.0,60033.0,20325.0,1822095.0,229042.0,283305.0,1354366.0,1046866.0
Middle East & North Africa (WB),619305.0,20864.0,138733.0,9753.0,54694.0,4097.0,69246.0,7266.0,7378.0,46999.0,16018.0,36441.0,209374.0,320938.0,339666.0,344569.0,2708.0,12272.0,12928.0,136.0,4389.0,2422.0,921.0,318521.0,43449.0,3783.0,263147.0,44064.0
North America,715002.0,77273.0,111423.0,183645.0,99300.0,8963.0,42530.0,26395.0,37292.0,21298.0,37750.0,87844.0,442608.0,638685.0,178545.0,531828.0,6165.0,127073.0,43966.0,166.0,3075.0,1889.0,772.0,124092.0,50077.0,5821.0,258542.0,29956.0
North America (WB),497713.0,51610.0,82993.0,122056.0,73463.0,470.0,26975.0,13089.0,13965.0,8634.0,18.0,56485.0,374872.0,408120.0,67574.0,357059.0,582.0,115096.0,34999.0,0.0,50.0,84.0,164.0,53336.0,33875.0,462.0,176507.0,8370.0
Oceania,35927.0,3343.0,7740.0,8553.0,6107.0,2491.0,4636.0,2574.0,1951.0,1477.0,14592.0,4255.0,22400.0,29811.0,21929.0,25760.0,1996.0,3111.0,3289.0,49.0,2080.0,385.0,164.0,7141.0,4036.0,1867.0,15985.0,4713.0
South America,410367.0,64384.0,56136.0,93840.0,42220.0,5174.0,36936.0,13293.0,45716.0,20632.0,18581.0,57685.0,190356.0,289259.0,148501.0,259431.0,3030.0,18666.0,20481.0,38.0,1516.0,874.0,824.0,124334.0,32511.0,7271.0,145125.0,28419.0
South Asia (WB),1914571.0,226922.0,304650.0,288587.0,598703.0,397255.0,287626.0,94914.0,106276.0,232549.0,1453717.0,247238.0,1081135.0,1123432.0,2679641.0,471385.0,284812.0,77923.0,136324.0,2509.0,65935.0,23537.0,8915.0,1121490.0,123377.0,151874.0,710839.0,599919.0
South-East Asia (WHO),2453257.0,360060.0,286660.0,354227.0,652232.0,407540.0,339933.0,97744.0,134138.0,217082.0,1506017.0,277877.0,1336112.0,1290931.0,2849926.0,538813.0,280174.0,89811.0,148446.0,1861.0,52757.0,19857.0,7868.0,1237003.0,163599.0,148468.0,808533.0,460540.0
Sub-Saharan Africa (WB),723976.0,64025.0,74859.0,194229.0,156202.0,328376.0,59509.0,282453.0,522373.0,20110.0,758148.0,146312.0,167143.0,385959.0,988222.0,305618.0,271537.0,33242.0,33803.0,14043.0,218802.0,55272.0,20054.0,226246.0,35254.0,247669.0,155776.0,710830.0
Upper-middle-income countries,4625922.0,1067231.0,614292.0,729407.0,486025.0,28136.0,640556.0,45753.0,278953.0,229031.0,466659.0,179036.0,3038233.0,1927157.0,2953996.0,1445305.0,15648.0,132802.0,136296.0,229.0,8494.0,5353.0,1817.0,2394823.0,263735.0,28257.0,1523064.0,94934.0
Western Pacific (WHO),3528325.0,989247.0,397601.0,529350.0,407121.0,13011.0,553467.0,26551.0,97936.0,135815.0,568088.0,98562.0,2700611.0,1315470.0,2699064.0,746055.0,7574.0,85043.0,118808.0,155.0,7865.0,3391.0,945.0,2048175.0,183711.0,14374.0,1031785.0,54349.0
World,10852106.0,1857696.0,1546243.0,1809439.0,1683592.0,802486.0,1292098.0,493989.0,900652.0,658247.0,3112927.0,861480.0,6175019.0,5292827.0,8079996.0,3709063.0,595242.0,463360.0,459661.0,17374.0,311123.0,92659.0,34292.0,4718812.0,657619.0,446330.0,3646004.0,1540470.0
