Country,1990,2021,Absolute Change,Relative Change,1990.1,2021.0.1,Absolute Change.1,Relative Change.1,1990.2,2021.0.2,Absolute Change.2,Relative Change.2,Smoking_1990,Smoking_2021,Change,Percent_Change,Disease1,Disease2,Disease3,Disease4,Disease5,Disease6,Disease7,Disease8,Disease9,Disease10,Disease11,Disease12,Disease13,Disease14,Disease15,Disease16,Disease17,Disease18,Disease19,Disease20,Disease21,Disease22,Disease23,Disease24,Disease25,Disease26,Disease27,Disease28,Metric1,Metric2,Population
Singapore,9.9,3.6,-6.3,-0.64,692.3,187.4,-505,-0.73,224.4,48.6,-175.8,-0.78,84.4,19.9,-64.5,-0.76,2768,847,531,144,366,7,278,7,133,218,0,317,1717,2020,1589,1237,2,74,105,0,1,1,0,1547,184,27,1496,24,0.28,0.05,5620150
Ireland,14.5,4.7,-9.8,-0.68,1702.7,479.4,-1223.3,-0.72,416.1,91.1,-325,-0.78,177.1,44,-133,-0.75,4238,236,583,870,378,1,303,10,93,265,0,308,3617,2199,608,2001,1,303,189,0,0,1,0,596,427,18,1592,55,0.225,0.19,4982604
Malta,12.9,7.9,-5,-0.39,755.5,248.8,-506.6,-0.67,285.8,110.1,-175.7,-0.61,94.8,33.7,-61.1,-0.64,706,65,194,72,66,0,38,1,9,30,0,34,317,484,196,340,0,20,35,0,0,0,0,180,79,3,301,9,0.264,0.216,518213
Brunei,16.9,11.6,-5.3,-0.31,1373.8,484.8,-889,-0.65,347.7,123.4,-224.3,-0.65,154.2,58.5,-95.8,-0.62,261,62,48,15,68,0,27,1,19,6,0,35,186,283,41,162,0,13,9,0,1,0,0,40,27,1,114,20,0.3,0.023,447412
Burundi,21,6.4,-14.6,-0.7,542.3,191.4,-350.9,-0.65,273.3,93.7,-179.6,-0.66,92.7,31.7,-61,-0.66,6658,949,964,3100,714,3829,371,2566,2290,609,10405,1696,1624,3352,11210,1382,3241,160,379,55,2841,205,255,765,155,2790,1205,6999,0.174,0.061,12617042
Qatar,10.1,4.8,-5.3,-0.53,829.4,298.7,-530.8,-0.64,203.4,58.7,-144.7,-0.71,96.6,33.2,-63.4,-0.66,599,23,230,39,20,2,103,3,13,8,0,4,317,757,567,722,0,31,46,0,1,1,1,562,92,2,298,44,0.217,0.019,2803373
Portugal,15.5,8.5,-7,-0.45,545.8,198.3,-347.5,-0.64,214.7,107,-107.7,-0.5,73.3,30.5,-42.8,-0.58,16423,1286,2889,4813,1645,18,1265,150,617,696,7,1013,6997,14001,2580,9253,9,580,968,0,1,1,1,2276,1871,129,6074,79,0.305,0.202,10370519
Australia,10.2,4.6,-5.7,-0.55,661,240.2,-420.8,-0.64,240.6,66.6,-174,-0.72,80,26,-54,-0.68,21006,958,3751,6608,2760,29,1131,126,479,740,3,1965,11916,15132,4399,15006,10,2559,2597,0,1,2,1,4247,2557,34,9278,313,0.156,0.115,25743787
Mexico,7.2,4.9,-2.3,-0.32,635.8,243,-392.8,-0.62,134,56.9,-77.1,-0.58,71.4,26.6,-44.7,-0.63,116339,13268,13274,38853,12636,1872,8020,6922,10824,8988,6328,15099,32299,154023,50073,116838,812,8098,4289,19,538,315,117,41690,9670,1250,47690,8467,0.199,0.062,126799052
Sri Lanka,11.8,6.1,-5.7,-0.48,837.3,320.7,-516.5,-0.62,174.5,74.5,-100,-0.57,93,35.6,-57.4,-0.62,34479,7168,2941,3542,6234,536,2767,225,681,149,8477,3702,8998,22732,20437,10410,222,909,945,1,24,10,13,11378,1039,139,12423,768,0.414,0.026,22561807
Ethiopia,10.8,2.2,-8.6,-0.8,264.7,104.5,-160.1,-0.61,142.2,35.4,-106.8,-0.75,44.5,13.8,-30.8,-0.69,37242,7362,6378,14279,17532,28203,2489,20161,18218,2679,68497,13582,5933,25390,76250,11459,24880,893,3475,600,9224,2085,1248,7496,1458,20544,6014,62202,0.088,0.013,118917671
Madagascar,17.9,7.7,-10.2,-0.57,536.1,212.1,-324.1,-0.6,182.3,70.9,-111.4,-0.61,78.1,31.9,-46.2,-0.59,21714,3187,1171,2870,5601,11158,1834,9891,4296,1158,26359,6850,3514,6236,27648,5588,9673,455,569,302,4398,1506,447,1241,334,7590,3561,12738,0.427,0.128,28953560
Israel,9.5,2.9,-6.5,-0.69,691.3,276.6,-414.7,-0.6,222.7,77.8,-144.8,-0.65,82.3,29.3,-53,-0.64,6198,482,1600,572,258,13,377,49,153,19,1,87,3698,6443,2828,4294,8,275,311,0,1,4,1,2648,696,30,1740,98,0.289,0.135,8800379
Brazil,21.7,7.6,-14.1,-0.65,914.3,374.7,-539.6,-0.59,316.8,132.5,-184.2,-0.58,122.9,46.9,-76,-0.62,205500,29612,25592,53063,19638,2790,20638,6056,22192,996,10591,29604,117324,151672,67681,131576,1758,12357,12635,18,498,373,351,52993,21890,4183,79604,14300,0.162,0.094,208660845
Belgium,18.1,6.3,-11.8,-0.65,1105,459.9,-645.1,-0.58,336.1,140.9,-195.1,-0.58,123.4,49.6,-73.8,-0.6,13068,1476,2248,4130,1185,32,881,225,331,405,1,739,11873,7163,3611,6115,15,624,1483,0,1,5,0,3305,1190,89,4461,136,0.258,0.21,11540103
Ecuador,7.6,3.4,-4.1,-0.55,400.7,168.2,-232.5,-0.58,106.6,42.5,-64.1,-0.6,47.5,19.2,-28.4,-0.6,11769,2210,2123,2532,1086,98,628,580,1973,1272,469,3418,3028,12085,5333,10200,55,318,796,1,109,41,39,4803,621,270,4137,1337,0.184,0.042,17546058
United Kingdom,17.3,5.8,-11.5,-0.66,1365.8,576.4,-789.4,-0.58,420.9,114.8,-306.1,-0.73,150.7,53.2,-97.4,-0.65,68440,5557,15546,19874,9922,29,3339,92,1581,8769,2,6920,73533,38509,17100,39876,8,6633,5480,0,3,13,5,16551,11417,474,30570,1182,0.173,0.135,67351860
Iceland,11.8,6.2,-5.6,-0.48,967.9,413.5,-554.4,-0.57,265.5,96.2,-169.2,-0.64,102.6,40.4,-62.2,-0.61,344,33,71,59,38,0,19,3,6,25,0,32,244,170,23,164,0,30,29,0,0,0,0,19,25,1,157,2,0.119,0.12,366626
Norway,13.9,3.6,-10.3,-0.74,828.3,354.1,-474.2,-0.57,275.3,74.2,-201.1,-0.73,94.8,33.2,-61.7,-0.65,5157,336,1193,1006,389,9,273,195,160,313,0,433,3508,3086,530,2160,4,429,779,0,0,0,0,458,494,30,2064,32,0.17,0.154,5379274
Chile,13.4,6.8,-6.6,-0.49,320.9,137.8,-183.1,-0.57,181.3,66.9,-114.4,-0.63,56,21.8,-34.2,-0.61,18440,2538,2745,5560,2185,58,1826,401,1322,957,258,1507,5524,10564,7029,11211,37,1317,889,0,3,5,8,6655,721,46,4806,402,0.316,0.268,19370619
Canada,13.7,5,-8.7,-0.64,988.9,436.3,-552.6,-0.56,316.2,106.1,-210.1,-0.66,113.6,42.7,-70.8,-0.62,35162,3646,6482,10374,3857,64,2581,440,917,406,1,3095,32295,24195,3976,22123,66,4762,4307,0,2,10,7,3261,1847,41,14634,564,0.153,0.107,38171901
Spain,17.1,7.1,-10,-0.58,817.1,367.9,-449.2,-0.55,259,120.5,-138.5,-0.53,96.9,41.3,-55.6,-0.57,55738,2316,9619,13082,4211,56,5292,319,1459,1703,21,4981,41161,40586,12982,36460,35,4030,2731,0,1,5,2,9911,5304,244,17806,330,0.286,0.267,47679482
Benin,5.9,2.3,-3.6,-0.61,247.2,111.3,-135.8,-0.55,118.3,51.4,-66.9,-0.57,37.9,17,-20.9,-0.55,7352,647,503,1339,1487,3196,409,2314,2383,50,10622,870,877,3379,12842,2530,2739,134,342,86,3004,408,224,2179,142,2850,1453,11050,0.118,0.019,13070170
Bahrain,11.8,7.8,-4,-0.34,1414.4,639.5,-774.9,-0.55,321.4,101.6,-219.8,-0.68,158.6,69.4,-89.3,-0.56,823,29,312,32,52,3,139,4,17,31,0,36,469,1139,763,951,1,28,22,0,1,1,1,747,134,3,413,28,0.253,0.045,1483081
Colombia,7.9,3.1,-4.8,-0.61,381.2,172.6,-208.6,-0.55,151.5,48.7,-102.8,-0.68,53.2,19.4,-33.9,-0.64,45162,10126,5876,4966,3374,525,2711,1541,5039,3570,1523,4522,10772,22860,14605,21017,191,789,1528,1,99,69,65,12763,2633,340,15997,2226,0.124,0.046,50629997
France,14.3,6.8,-7.5,-0.53,647.5,296.8,-350.7,-0.54,231.9,126.4,-105.4,-0.45,79,38.1,-40.9,-0.52,73256,5633,16143,26946,9951,61,3470,5041,2226,3194,5,7548,52332,38438,14554,39013,23,5925,9903,0,4,14,4,13394,7863,310,25709,897,0.349,0.319,65905273
Denmark,21,5.3,-15.7,-0.75,1680.4,779.2,-901.2,-0.54,478.4,152.8,-325.6,-0.68,180.3,71,-109.3,-0.61,6934,537,1384,2396,477,12,465,58,195,301,0,477,9076,3891,1743,3220,5,408,535,0,0,1,0,1532,677,37,2507,85,0.178,0.171,5831530
New Zealand,12.7,4.8,-7.9,-0.62,846.8,392.9,-454,-0.54,294.6,90.8,-203.8,-0.69,101.2,39,-62.2,-0.61,5029,364,981,1094,405,13,240,14,72,175,1,378,3400,3146,651,2869,5,246,421,0,1,1,0,613,578,8,2228,98,0.15,0.123,5069893
Germany,19.9,6.4,-13.5,-0.68,886.7,414.9,-471.9,-0.53,280.1,147,-133,-0.48,104.4,48.6,-55.8,-0.53,185236,14091,22084,47456,19986,88,6671,604,2773,4816,4,18069,94196,100635,31602,84764,35,5980,12109,0,3,10,6,29057,10382,320,60888,913,0.241,0.199,83628711
Thailand,13.5,15.9,2.4,0.18,1024.1,479.2,-544.9,-0.53,258.8,116.7,-142,-0.55,116,52.7,-63.3,-0.55,73041,17430,6855,25335,6555,4701,10483,1657,15517,26,3590,9674,56851,62296,58564,32153,612,7836,4468,1,148,128,57,53356,5850,2526,26514,996,0.413,0.029,71641484
Luxembourg,17.8,4.4,-13.4,-0.75,852.8,403.2,-449.5,-0.53,299.4,108.2,-191.1,-0.64,105.3,42.1,-63.2,-0.6,649,50,98,196,62,1,39,10,11,51,0,57,454,399,102,316,0,44,56,0,0,0,0,87,49,2,227,5,0.224,0.198,630597
Panama,4.7,2.7,-2,-0.43,395.5,187.1,-208.4,-0.53,97.4,41.8,-55.5,-0.57,43,18.9,-24.1,-0.56,3506,561,303,621,472,72,161,144,693,130,37,495,844,2843,820,2620,45,108,94,0,29,19,10,758,194,28,1044,266,0.077,0.022,4293258
Costa Rica,5.5,4.2,-1.3,-0.23,495.8,235.2,-260.6,-0.53,124.2,57.8,-66.4,-0.53,53.6,24.8,-28.8,-0.54,3930,655,682,922,314,30,237,30,378,233,66,569,1371,2976,1028,2566,7,191,259,0,3,4,3,930,207,23,1272,159,0.129,0.046,5034323
Myanmar,36.1,13,-23.1,-0.64,2163.8,1029.1,-1134.7,-0.52,689.4,220.6,-468.9,-0.68,277.4,108.8,-168.5,-0.61,92227,20253,6283,18871,19272,3802,11615,3060,4421,38,69213,8612,47058,51736,101582,19822,2904,4486,2642,41,1686,1005,316,31202,1636,1841,24695,11577,0.685,0.197,53016525
Czechia,35.6,10.7,-24.9,-0.7,1069.6,514,-555.6,-0.52,526.5,202.7,-323.8,-0.61,155.3,63.6,-91.7,-0.59,25977,7421,3323,5106,2968,100,2460,210,403,2020,18,2010,13823,16432,7570,12595,11,442,1044,0,5,15,0,7212,2175,52,11501,88,0.35,0.264,10550130
Maldives,20.6,7.4,-13.2,-0.64,1418.6,685.9,-732.7,-0.52,346.4,73.3,-273.2,-0.79,176.7,56,-120.7,-0.68,313,63,49,13,48,9,45,7,9,8,8,27,166,160,88,80,1,17,6,0,2,1,1,69,33,1,112,29,0.444,0.06,502127
Estonia,33.7,9.1,-24.6,-0.73,630,305.4,-324.6,-0.52,404.6,172,-232.6,-0.57,116.8,46.8,-70,-0.6,5137,205,487,859,1066,0,164,5,89,278,13,791,1203,1275,232,2484,0,182,69,0,0,0,0,214,185,2,1264,5,0.363,0.23,1329674
Finland,18.9,4.7,-14.2,-0.75,534.9,259.6,-275.3,-0.51,255.9,93,-162.9,-0.64,78.2,30.5,-47.8,-0.61,12214,933,1753,2296,1502,3,269,17,93,977,0,1162,3854,5566,464,4790,2,505,776,0,0,0,0,436,672,12,4491,29,0.269,0.163,5529617
South Africa,34.8,15.3,-19.5,-0.56,638,310.2,-327.9,-0.51,241.2,168.3,-72.9,-0.3,101.3,54,-47.4,-0.47,66134,2877,3912,21000,17645,9140,7691,5221,96827,4120,6372,11054,25562,51488,34080,52667,6602,3861,2118,125,2262,1687,245,27105,7716,7564,13729,12983,0.34,0.065,60562374
Guatemala,7.9,3.6,-4.3,-0.55,379,184.6,-194.4,-0.51,95.5,45.5,-50,-0.52,47.6,21.3,-26.3,-0.55,8586,1553,1318,4171,1578,1574,885,1460,1434,394,5318,1180,2223,11399,8794,8329,971,987,417,14,959,203,95,3443,426,703,2870,1728,0.201,0.016,17357331
Italy,13.5,5.3,-8.1,-0.6,775.1,377.9,-397.2,-0.51,269.1,91.3,-177.9,-0.66,93.2,37,-56.2,-0.6,110155,13669,24632,22419,12496,98,6198,537,2064,4929,28,14001,56648,65721,33210,60219,56,3904,7613,0,2,8,2,29386,10768,234,35438,371,0.266,0.195,59912763
Switzerland,13.1,3.4,-9.7,-0.74,815.9,400.7,-415.2,-0.51,231.6,81.5,-150.1,-0.65,88.6,35.8,-52.9,-0.6,10124,946,1962,2371,1544,6,427,108,183,257,0,1601,7042,6544,1837,4809,2,577,1208,0,0,1,0,1580,747,24,3813,98,0.281,0.229,8640582
Japan,11.7,6.1,-5.6,-0.48,716.8,353.7,-363.1,-0.51,171.2,83,-88.1,-0.51,76.1,33.6,-42.6,-0.56,179952,37277,25626,36591,26731,456,13051,1635,4206,11679,30,8577,132467,127178,52082,46108,157,8074,9776,0,14,10,8,49306,15368,688,55747,330,0.301,0.1,126304536
South Korea,18.2,5.6,-12.7,-0.7,1055.3,521.4,-533.9,-0.51,276,68.2,-207.8,-0.75,129.7,43.9,-85.9,-0.66,35409,12987,4342,16325,6203,139,4558,191,1197,1508,4,3404,40927,32342,27021,14469,45,1682,3298,0,1,5,4,25478,3835,123,12548,202,0.357,0.059,51858480
Jordan,12.5,8.6,-3.9,-0.31,843.9,421,-422.9,-0.5,257.2,109.6,-147.6,-0.57,108.8,52.7,-56.1,-0.52,7360,260,2009,73,1299,30,927,40,82,238,2,868,3572,5804,3625,6141,13,74,153,0,31,29,11,3565,642,34,3087,904,0.568,0.128,10865231
Netherlands,15.8,4.6,-11.3,-0.71,1178.9,595.6,-583.3,-0.49,332.1,120.9,-211.2,-0.64,127.7,55.2,-72.6,-0.57,19131,1365,3602,5275,1665,14,1035,134,380,522,1,1865,20612,11323,5658,9393,6,481,3238,0,1,3,1,5144,1392,84,7120,236,0.244,0.199,17636732
Poland,42.1,12.1,-30,-0.71,958.1,496.6,-461.4,-0.48,544.7,264.7,-279.9,-0.51,161.7,71.3,-90.5,-0.56,82901,20329,16622,22859,11998,291,6519,242,2052,9533,1078,3511,51198,48494,33965,39608,79,2539,2882,0,15,19,1,32315,6918,228,35236,469,0.279,0.201,38171005
Croatia,29.8,12,-17.9,-0.6,1460.7,762,-698.7,-0.48,398.8,225.8,-173.1,-0.43,162.6,82.1,-80.4,-0.49,13826,3741,2146,2328,933,18,1590,6,164,909,72,852,7538,6981,3987,5703,3,225,620,0,2,3,0,3724,970,13,5142,45,0.376,0.361,3953957
Andorra,11.5,7.4,-4.1,-0.35,793.7,415.4,-378.3,-0.48,239.5,99.7,-139.8,-0.58,91.5,42,-49.5,-0.54,84,5,16,24,7,0,5,0,1,2,0,7,67,52,16,43,0,4,7,0,0,0,0,13,7,0,31,0,0.353,0.283,77398
Bulgaria,52.4,37.5,-14.8,-0.28,781.3,410,-371.3,-0.48,489.4,355.9,-133.5,-0.27,149.1,91.3,-57.9,-0.39,50208,15002,5722,7456,7435,34,2754,29,536,2210,797,2170,11889,15105,10939,18728,4,536,322,0,7,11,1,10031,1612,28,15168,118,0.409,0.371,6933654
Mauritius,20.3,15.7,-4.6,-0.23,777.3,410.4,-366.8,-0.47,334.6,147.7,-187,-0.56,113,55,-58,-0.51,2587,573,419,274,730,12,349,27,129,57,5,360,991,3311,419,1936,6,116,43,0,3,2,1,414,225,4,757,71,0.373,0.03,1283230
Sierra Leone,11.6,6.5,-5.1,-0.44,308.6,163,-145.6,-0.47,164.4,100.4,-64.1,-0.39,53.3,31,-22.3,-0.42,7228,459,552,1258,1258,2545,750,4500,2030,23,8679,892,1243,2630,9925,1802,2116,80,256,63,1640,287,245,1229,227,2062,1606,7866,0.205,0.064,7912558
Turkey,25.6,12.3,-13.3,-0.52,1188.8,630.6,-558.3,-0.47,451.3,207,-244.3,-0.54,160.8,76.8,-84,-0.52,120132,3028,31097,3527,4045,401,18842,913,1177,1327,277,395,70738,73099,60371,72672,127,970,3426,2,83,96,52,57000,10243,645,43123,3630,0.421,0.192,86091691
Sweden,10.6,2.5,-8.1,-0.76,767.8,409.7,-358.1,-0.47,210.7,77.4,-133.3,-0.63,80,35.9,-44.2,-0.55,15429,1236,2855,2649,1524,25,514,127,285,626,0,1458,8529,7949,1018,6409,11,592,1187,0,0,1,1,911,938,45,5552,67,0.298,0.182,10353680
Oman,9.4,4.5,-4.9,-0.52,446.9,239.1,-207.8,-0.47,172.4,61,-111.4,-0.65,62.3,28.8,-33.4,-0.54,2796,100,542,46,168,14,228,23,68,316,0,260,555,1735,1609,1903,2,46,119,0,12,6,3,1593,221,12,1271,214,0.155,0.004,4522503
Hungary,54.7,16.3,-38.4,-0.7,866.5,464.9,-401.6,-0.46,524.3,331.4,-192.8,-0.37,154.8,82.4,-72.4,-0.47,37776,9933,5825,7168,3907,74,2228,52,515,3580,410,1820,15320,14471,8951,15125,23,296,926,0,6,14,1,8149,1943,22,14010,112,0.358,0.278,9749460
Nigeria,3.8,1.8,-2,-0.52,128.4,70.2,-58.2,-0.45,57.3,28.3,-29.1,-0.51,20.7,10.6,-10.1,-0.49,118500,6593,13396,30275,18233,98102,6336,82471,65375,254,130996,12289,9684,56676,206715,46948,77843,10429,5565,2151,87319,20468,4511,74957,5427,67451,30381,210017,0.069,0.005,213996186
Slovakia,33.5,12.9,-20.6,-0.61,798.7,436.9,-361.8,-0.45,453.7,217.2,-236.4,-0.52,132.6,62.7,-70,-0.53,16028,4303,2914,2773,1702,4,1286,17,235,1093,9,870,5970,6133,4306,6240,1,321,362,0,8,5,0,4229,725,21,6842,94,0.374,0.256,5455028
Togo,9.9,7.7,-2.2,-0.22,508.7,280.9,-227.8,-0.45,208.9,145.2,-63.7,-0.3,75,47.2,-27.8,-0.37,6649,466,560,1146,1939,2289,519,1103,2550,36,6836,1486,1829,2326,8268,2184,1845,124,240,51,869,227,101,1400,135,1818,1553,3930,0.123,0.012,8669722
Romania,33.6,24.5,-9.1,-0.27,684.6,379.6,-305,-0.45,355.7,273.1,-82.6,-0.23,116.8,73.2,-43.6,-0.37,90637,23784,9336,16648,7035,162,4926,159,1940,6525,939,515,25483,26019,19241,28153,114,1509,1030,1,48,40,4,18187,3636,140,31256,381,0.359,0.2,19392469
Botswana,25.7,13.4,-12.3,-0.48,1013.2,562.3,-450.9,-0.45,387.3,171.2,-216,-0.56,143.8,69,-74.9,-0.52,1889,95,169,440,573,475,227,306,5196,136,187,382,985,1227,1008,1165,440,158,43,8,155,65,7,799,171,299,332,666,0.304,0.083,2365895
Cyprus,10.9,6.9,-4,-0.37,861.4,478.9,-382.6,-0.44,243.1,123.9,-119.2,-0.49,121.4,52.3,-69.2,-0.57,1645,134,374,223,144,2,142,3,29,37,0,158,1065,1212,556,833,1,28,87,0,0,0,0,502,147,3,632,11,0.47,0.232,1302250
Latvia,37.7,17.9,-19.8,-0.53,630.6,350.9,-279.7,-0.44,420.1,241,-179.1,-0.43,121,63.8,-57.2,-0.47,8768,594,1382,1730,1028,1,458,7,175,624,80,450,2343,2648,1581,3016,0,201,138,0,1,0,0,1491,349,4,3605,17,0.503,0.237,1901119
Slovenia,19,6.9,-12.2,-0.64,481.5,268.5,-212.9,-0.44,296.4,139.3,-157.1,-0.53,83.4,38.6,-44.8,-0.54,3824,1121,432,985,321,5,321,7,55,144,13,403,1674,1825,901,2061,1,127,366,0,1,1,0,817,209,6,1130,10,0.244,0.196,2102419
Lithuania,32.8,18.3,-14.6,-0.44,754.4,421.3,-333.1,-0.44,346.5,219.4,-127.1,-0.37,115,65,-50,-0.44,12027,866,2040,1843,1080,4,530,8,235,1097,21,553,3578,3157,1741,3996,2,324,221,0,1,1,0,1707,756,6,5567,18,0.421,0.218,2795766
Comoros,11.4,6.8,-4.6,-0.4,612.5,345.1,-267.4,-0.44,183.4,79.6,-103.7,-0.57,77.3,39.4,-37.8,-0.49,668,100,63,59,103,107,69,100,73,16,665,217,176,341,706,270,94,13,41,2,46,17,6,40,16,123,134,323,0.295,0.111,802172
Bolivia,9.6,3.5,-6.1,-0.64,415.6,236,-179.6,-0.43,175.1,76.2,-98.9,-0.56,60.1,29.1,-31,-0.52,7707,1439,1321,2558,1574,280,614,875,1492,65,2126,1819,2521,8497,6090,6245,210,231,436,4,239,88,76,3875,603,362,2540,1443,0.205,0.048,11816300
Guyana,15.9,11.6,-4.3,-0.27,385.7,221.7,-164,-0.43,210.8,114.9,-95.9,-0.45,67.9,38,-29.9,-0.44,1304,125,142,313,315,36,65,51,179,13,69,242,251,1128,554,837,18,42,33,0,7,6,5,485,87,28,362,158,0.217,0.024,807487
United States,18,7.8,-10.2,-0.57,881.7,513.2,-368.5,-0.42,370.6,160.9,-209.7,-0.57,116.3,57.6,-58.8,-0.51,462447,47953,76487,111663,69592,406,24387,12648,13041,8223,16,53379,342532,383845,63587,334863,516,110332,30689,0,48,74,157,50064,32018,420,161837,7806,0.284,0.175,339436157
Gambia,13.8,7.7,-6.1,-0.44,388.3,226.4,-161.8,-0.42,202.2,108.6,-93.5,-0.46,67.1,37.2,-29.9,-0.45,2059,137,162,369,593,360,211,270,1141,6,2052,392,377,879,2530,705,300,56,86,20,127,32,55,471,51,426,477,1324,0.214,0.008,2515744
Democratic Republic of Congo,9,6.7,-2.3,-0.25,248,146.1,-102,-0.41,129.9,85.8,-44.1,-0.34,42.7,27.5,-15.2,-0.36,57730,2067,5336,15822,15662,11688,4177,10037,11733,913,72051,19927,11143,35860,78781,27838,10010,875,2915,368,11134,1723,2196,6337,2908,14366,11407,35568,0.227,0.029,95989999
Tanzania,13.9,8,-5.8,-0.42,530.8,315.4,-215.3,-0.41,216.7,112.9,-103.8,-0.48,80.8,44.1,-36.7,-0.45,33681,6886,2316,10785,5938,13097,2541,8647,33645,70,42079,6978,11120,15991,46862,14367,11145,2165,1693,249,6617,1290,1123,4706,358,9168,9149,26409,0.14,0.034,60972801
Ukraine,31.2,31.6,0.3,0.01,796.5,475.3,-321.2,-0.4,393.7,274,-119.8,-0.3,124.9,81.4,-43.5,-0.35,235583,11028,52859,30871,28749,16,14995,67,4489,31922,5198,5870,61421,49269,61903,65564,13,7040,1340,0,32,18,6,56361,7268,126,115304,554,0.4,0.115,44680009
Bangladesh,21,11.7,-9.3,-0.44,1146.3,687.9,-458.5,-0.4,417.4,182.9,-234.4,-0.56,154.5,81.2,-73.2,-0.47,199691,23688,10169,8998,47337,23017,27166,4716,6207,20001,189732,34220,104021,94665,236315,28352,17489,1435,3104,21,2844,882,813,41853,7587,10930,46859,41612,0.522,0.171,166298024
Morocco,15.5,7.8,-7.7,-0.5,470.2,284.1,-186.1,-0.4,195.9,132.5,-63.4,-0.32,70.2,42.1,-28.1,-0.4,87898,2368,20610,518,4103,538,7788,446,1255,6552,1829,4630,14559,42533,28524,32247,223,1242,1464,9,184,217,109,25965,5704,430,33869,3758,0.282,0.008,36584208
Kenya,8.6,6.3,-2.2,-0.26,408.8,247.2,-161.5,-0.4,124.8,87,-37.8,-0.3,53.7,34.3,-19.3,-0.36,24539,2477,1988,12824,5199,9012,1703,5827,28898,1021,26273,4424,7721,13790,29982,10382,7588,2712,1724,340,2304,1064,582,3571,980,7499,3681,13069,0.195,0.027,52217327
Rwanda,19.7,6.5,-13.2,-0.67,1185.6,719.4,-466.3,-0.39,414.8,169,-245.8,-0.59,160.5,80.4,-80.1,-0.5,7376,1213,802,3380,71,1899,560,1371,4726,240,9487,1833,4250,3514,10306,2114,1611,231,505,43,1010,91,142,766,182,1890,925,3830,0.201,0.072,13065839
Mauritania,12.7,4.8,-7.9,-0.62,234.9,144,-90.8,-0.39,128.2,57.6,-70.6,-0.55,43.8,21.4,-22.4,-0.51,3635,262,525,173,1001,526,380,361,226,279,1952,747,467,1468,3691,1755,432,21,161,10,179,70,98,1730,239,561,830,1968,0.193,0.021,4600135
Uganda,6.6,4.2,-2.4,-0.36,317.7,196.6,-121.1,-0.38,126.3,77,-49.3,-0.39,47.3,29,-18.3,-0.39,16423,2308,1424,8752,1086,6584,1108,5825,25482,76,25474,4411,4167,10417,28944,5556,5681,347,1064,84,5387,604,489,3385,468,5882,2666,22137,0.13,0.037,44457149
Nepal,26.7,7.8,-18.9,-0.71,1928.8,1196.1,-732.7,-0.38,506.4,216.6,-289.7,-0.57,226.1,120.5,-105.6,-0.47,22966,3720,2967,4944,6384,3044,4548,1799,1793,3611,33873,4181,24097,16439,48499,6089,2195,738,1350,12,660,243,239,12680,1032,1531,9304,9218,0.479,0.128,28966582
Malaysia,14.1,13.6,-0.4,-0.03,957.5,594.4,-363.1,-0.38,262.2,167.5,-94.7,-0.36,110.2,71.9,-38.3,-0.35,44847,8414,5944,2288,3837,532,5659,401,2057,60,40,3243,19259,21914,15654,12532,169,2084,1381,0,66,42,63,15197,2452,318,18358,1013,0.438,0.011,33889555
Argentina,23.1,8.4,-14.8,-0.64,504.4,314.4,-190,-0.38,310.2,162.2,-148,-0.48,90.2,47.7,-42.5,-0.47,46853,6809,9415,9519,4734,219,5313,926,4342,5344,275,6608,26477,30392,16051,30688,80,1618,1344,1,47,41,54,15268,2142,424,14274,1897,0.294,0.196,45191960
Fiji,35.1,27.4,-7.8,-0.22,712.5,445.5,-267,-0.37,424,292.5,-131.6,-0.31,136.1,87.9,-48.2,-0.35,1644,269,491,79,518,86,226,31,118,20,363,190,716,2710,823,2053,44,25,17,0,3,3,3,459,208,27,753,106,0.356,0.105,914970
Cote d'Ivoire,10.4,6.5,-3.8,-0.37,311.6,195.3,-116.2,-0.37,142.3,86.1,-56.3,-0.4,52.1,31.1,-21,-0.4,18095,1343,2082,5672,2572,4296,1945,3757,10734,40,18402,2571,3581,8231,25166,6899,3573,523,736,144,3634,1175,466,6697,605,4768,4262,20181,0.179,0.009,28915452
Liberia,5.8,4.6,-1.2,-0.2,170.2,106.9,-63.3,-0.37,102.2,67.1,-35.1,-0.34,31.3,20.4,-10.9,-0.35,3675,264,322,891,791,1307,189,848,1551,131,4057,858,477,1773,4602,1816,1049,79,134,45,596,171,153,536,178,943,781,2956,0.143,0.02,5149471
China,18.8,16.5,-2.2,-0.12,1884.8,1185.7,-699.1,-0.37,410.2,205,-205.2,-0.5,217.3,116.7,-100.6,-0.46,2901717,851122,331658,381044,314148,2381,483037,13811,72981,115248,415468,42253,2304209,956264,2349332,575624,1686,54762,87912,7,1724,1173,217,1857360,148152,5937,832884,19836,0.494,0.017,1426106083
Turkmenistan,21.9,21.1,-0.8,-0.04,677.7,431.9,-245.8,-0.36,371.7,195,-176.7,-0.48,118.4,67.9,-50.5,-0.43,11108,1262,2806,2064,868,28,1316,191,236,1911,3,95,2802,3175,3678,3405,28,805,45,0,143,47,12,3644,375,11,4425,723,0.106,0.004,6949915
Eritrea,23.9,12.6,-11.3,-0.47,209.4,134.1,-75.2,-0.36,187.1,88.7,-98.4,-0.53,59.7,30.8,-28.9,-0.48,3993,657,394,871,1179,1942,400,1637,1468,172,4695,1354,1051,2093,5611,995,1680,125,238,42,633,120,159,896,53,1677,747,2471,0.147,0.002,3291277
Namibia,12,8.1,-3.9,-0.32,981.7,638.8,-342.9,-0.35,287.7,151.9,-135.8,-0.47,123.8,73.1,-50.7,-0.41,2281,120,208,901,674,543,252,333,2873,183,639,467,875,1431,1525,1405,427,98,71,6,109,77,13,853,152,339,456,614,0.242,0.06,2728763
Greece,19.2,14.5,-4.7,-0.25,1052.5,687.4,-365.1,-0.35,294.4,210.4,-84,-0.29,119.5,74.4,-45.1,-0.38,24450,2228,5206,2958,1318,3,2266,6,343,604,13,794,18251,12273,7979,11748,3,471,902,0,1,1,1,7546,1604,102,9037,121,0.365,0.305,10699370
Cameroon,8.5,4.9,-3.5,-0.42,212.8,139.2,-73.6,-0.35,115.9,75.8,-40.1,-0.35,38,24.6,-13.4,-0.35,21489,1483,1549,6688,2502,5483,1289,3852,18251,9,19336,2299,3267,11144,25342,11601,4576,377,981,190,4620,1146,537,5898,813,5325,2777,15668,0.132,0.014,26210566
Austria,15.6,5.7,-10,-0.64,568,372.6,-195.3,-0.34,236.6,126.1,-110.5,-0.47,76,43.4,-32.6,-0.43,15800,2254,1971,3605,1270,6,846,13,235,474,1,1580,7898,6126,3236,7328,5,446,1057,0,0,1,0,2922,1168,21,5781,92,0.277,0.25,8921402
Zambia,8.3,5.2,-3.1,-0.38,533.3,350.1,-183.2,-0.34,203,108.9,-94.1,-0.46,74.6,45.1,-29.5,-0.4,10977,1828,668,4020,4448,3561,979,2644,20785,133,11386,3520,2870,5900,13666,4634,3071,466,551,113,2148,316,198,2236,322,2895,1740,7201,0.251,0.037,19059395
Eswatini,9.5,9.6,0,0,575.3,378,-197.3,-0.34,197.1,135.4,-61.7,-0.31,77.2,52.1,-25.2,-0.33,1082,57,68,385,262,277,90,150,2871,18,433,318,284,929,840,1011,228,81,39,6,100,55,7,398,76,197,179,288,0.165,0.018,1192733
Cuba,16.6,10.5,-6.1,-0.37,809.7,532.9,-276.8,-0.34,285.3,194.7,-90.6,-0.32,105,67.2,-37.8,-0.36,20278,2211,3281,3820,2041,149,2430,87,994,662,368,2237,13319,12061,9645,8863,67,336,2118,0,7,9,8,9168,1342,382,7852,119,0.255,0.103,11176349
Senegal,11.2,5,-6.2,-0.55,190.1,125.6,-64.5,-0.34,152.8,77.4,-75.4,-0.49,43.7,23.4,-20.3,-0.46,14100,963,1296,775,3029,1924,1308,1054,1990,108,12605,1697,1923,7608,15250,4642,1661,136,569,30,679,330,272,2603,626,1890,2981,7199,0.131,0.007,16789215
Seychelles,19.9,16.5,-3.4,-0.17,929.8,614.5,-315.3,-0.34,318.7,151.7,-167,-0.52,119.1,68.9,-50.2,-0.42,173,36,13,25,32,3,16,3,12,3,0,36,77,93,21,91,1,9,3,0,0,0,0,21,8,2,46,8,0.34,0.064,120299
Barbados,6.3,3.6,-2.7,-0.42,305.7,203.7,-102.1,-0.33,83.4,42.2,-41.2,-0.49,34.6,20.1,-14.5,-0.42,566,34,99,99,110,2,15,3,52,3,0,72,104,629,235,437,1,8,14,0,0,0,0,235,90,7,150,13,0.15,0.019,281705
Serbia,30.4,17.1,-13.3,-0.44,953.6,637.4,-316.2,-0.33,397.9,317.3,-80.6,-0.2,139.4,91,-48.4,-0.35,42819,11201,5798,4853,1914,20,3635,17,617,2207,2062,2165,14822,18058,15760,14519,7,707,402,0,2,3,1,13608,2070,21,17241,132,0.405,0.391,6907817
Pakistan,17.8,11.8,-6,-0.34,1151.9,771.4,-380.5,-0.33,333.4,207.3,-126.1,-0.38,139.7,91.1,-48.6,-0.35,191619,21601,58123,9638,44222,28947,29320,22786,6438,22658,147846,31390,101260,119216,256023,70519,19485,10025,6318,237,16229,6245,2072,102996,10709,11225,74919,171650,0.33,0.073,235001743
Philippines,28,20.7,-7.3,-0.26,959,652.7,-306.3,-0.32,301.6,236.9,-64.7,-0.21,141.4,90.9,-50.5,-0.36,123769,32142,12304,27478,20615,4750,18392,5657,6685,3581,54955,20674,72993,64870,98209,44982,1873,4026,2524,75,2404,1000,292,43158,4120,3018,47886,16423,0.393,0.065,112081271
Vanuatu,28.5,27.8,-0.7,-0.02,826.7,563.8,-262.9,-0.32,383.4,244,-139.3,-0.36,132.8,90.6,-42.2,-0.32,476,71,103,36,65,26,41,17,21,18,439,64,163,304,478,223,20,16,6,2,10,3,1,39,8,17,201,55,0.33,0.026,298868
Moldova,26.8,26.5,-0.3,-0.01,631.5,431.4,-200.1,-0.32,355.6,288.9,-66.7,-0.19,107.8,78.7,-29.2,-0.27,14412,701,1961,3251,1676,7,863,14,345,1594,1474,954,4672,3373,3830,5151,6,759,119,0,4,6,1,2332,508,29,4637,81,0.517,0.062,3069135
Haiti,16.1,7.1,-8.9,-0.56,308,210.5,-97.5,-0.32,179.6,86.3,-93.4,-0.52,57.8,31.2,-26.6,-0.46,16219,1265,2479,3443,2449,3347,691,2890,4306,574,16146,3979,2271,9746,17683,4691,2709,624,327,124,1258,1004,268,1508,956,2232,4980,5812,0.122,0.031,11243847
Algeria,10.3,7.6,-2.7,-0.26,765.2,526.1,-239.1,-0.31,174.3,91.2,-83.1,-0.48,109.5,61.5,-48,-0.44,58623,1707,12228,805,6216,194,7384,270,803,5994,41,6008,16778,28771,22216,26555,54,1046,1357,2,137,98,111,21558,3977,271,20314,5704,0.413,0.007,44042093
Nauru,77,71.1,-5.8,-0.08,1245.1,856.2,-388.9,-0.31,708.1,590.3,-117.8,-0.17,242.2,191.7,-50.5,-0.21,22,3,5,3,4,0,4,0,1,0,0,3,12,17,2,18,0,1,0,0,0,0,0,2,1,1,10,2,0.478,0.491,11665
Peru,5.4,3.7,-1.6,-0.3,239.1,166.8,-72.3,-0.3,63,34.3,-28.7,-0.46,28.1,17.1,-10.9,-0.39,18918,3095,2505,6476,2974,367,1127,1573,3750,1296,1948,2925,5758,15458,15224,13225,275,634,1183,3,324,81,122,13167,1296,1183,5750,2471,0.132,0.03,32838576
Palau,27.9,41.2,13.3,0.48,774.8,547.4,-227.4,-0.29,368.6,256.5,-112.1,-0.3,123.5,94.6,-28.9,-0.23,38,7,10,4,6,2,5,0,3,0,0,5,21,46,6,35,1,1,1,0,0,0,0,6,3,1,18,1,0.273,0.079,17817
North Korea,25.8,28.8,3,0.12,1018.8,728.9,-289.9,-0.28,334.7,291.6,-43,-0.13,136.2,105.5,-30.7,-0.23,57958,17250,5003,7578,9286,42,9716,388,1640,6077,63401,4944,34352,19620,73611,10380,37,1134,1546,1,86,24,32,8810,2320,180,18291,852,0.348,0,26136313
Tunisia,10.3,11.5,1.2,0.11,929.9,666.7,-263.1,-0.28,227.2,162.4,-64.9,-0.29,106,72.2,-33.7,-0.32,19426,677,4436,523,2070,61,2372,48,237,514,25,1259,9129,9648,8010,9579,23,343,488,0,21,21,10,7760,1103,65,8108,643,0.472,0.02,11974058
Tuvalu,51.1,40.8,-10.3,-0.2,898.6,652.7,-245.9,-0.27,564.7,377.6,-187.1,-0.33,170.8,123.5,-47.3,-0.28,24,4,6,2,5,1,4,1,1,1,5,5,13,19,6,18,1,1,0,0,0,0,0,1,2,1,10,1,0.498,0.213,10423
Albania,9.7,10.2,0.5,0.05,1360.2,990.4,-369.8,-0.27,265.4,179.1,-86.3,-0.33,137.5,94.7,-42.8,-0.31,8433,2245,1343,625,256,8,858,23,55,464,718,71,4057,2047,2665,2049,3,116,70,0,10,3,0,1927,242,13,2444,123,0.388,0.06,2871951
Niger,5.2,2.4,-2.8,-0.53,165.9,120.9,-45,-0.27,50.8,29.3,-21.5,-0.42,23.3,16.2,-7.1,-0.3,10075,769,903,983,2588,12630,1128,11495,1888,12,20678,1155,1122,4352,24676,2566,10874,138,496,965,12076,2330,735,3944,340,8977,1804,22339,0.137,0.011,23717614
Solomon Islands,33.5,41.3,7.8,0.23,1173.1,856.1,-317,-0.27,565.7,481.3,-84.4,-0.15,189.8,157.4,-32.3,-0.17,649,137,164,47,196,48,191,43,56,56,1000,280,573,585,1069,461,40,34,16,3,31,6,12,68,62,71,324,98,0.538,0.192,744507
Samoa,21.3,27.8,6.5,0.31,963,705.8,-257.1,-0.27,391.2,300.6,-90.6,-0.23,137.5,108.9,-28.6,-0.21,288,21,80,17,59,4,60,7,14,3,203,83,156,276,253,242,1,7,6,0,2,1,0,49,31,3,100,24,0.361,0.145,211958
Vietnam,12.7,15.4,2.6,0.21,981.4,725.3,-256.2,-0.26,312,232.9,-79.1,-0.25,118.4,88.1,-30.3,-0.26,173808,35739,7126,46156,21096,884,18813,595,6531,932,57192,9931,84571,68154,99774,18976,596,9301,9239,2,487,312,42,41479,5014,887,37680,5753,0.474,0.022,98079196
India,20.3,9.5,-10.8,-0.53,932.2,691.5,-240.6,-0.26,297.7,167.5,-130.2,-0.44,121.9,76.8,-45.1,-0.37,1439478,169544,222854,261096,487166,338521,220564,60991,90387,183302,1047673,165310,836057,855985,2087016,343479,242866,64186,123734,1553,42235,15072,5166,947584,101014,125512,555842,362478,0.413,0.13,1402617692
Uruguay,22.9,11.8,-11.1,-0.49,591.3,438.9,-152.4,-0.26,362.9,217.9,-145,-0.4,101.9,64.1,-37.9,-0.37,5364,788,1195,1104,639,27,479,65,366,430,22,725,3432,3045,1115,2920,8,123,245,0,3,3,2,1047,311,20,1867,72,0.244,0.185,3398967
Laos,35.9,19.1,-16.8,-0.47,1447.6,1076,-371.6,-0.26,571.5,275.8,-295.7,-0.52,206.8,126.6,-80.2,-0.39,9163,2118,538,2013,1416,571,1419,599,498,271,6810,1104,5281,4041,9234,1950,458,331,202,14,403,234,54,2361,182,494,2893,2162,0.533,0.103,7346533
Paraguay,10.2,6.4,-3.8,-0.37,802.7,599.6,-203.1,-0.25,176.3,140.3,-36,-0.2,84.1,61.9,-22.2,-0.26,6332,895,743,1722,650,65,592,228,718,192,1102,976,3462,5610,2350,4500,44,268,231,1,27,28,22,1188,365,88,2243,613,0.186,0.044,6603742
Kazakhstan,30.1,15.4,-14.7,-0.49,576.2,434.8,-141.4,-0.25,406,221.4,-184.7,-0.45,118.6,68.2,-50.5,-0.43,38439,4118,7709,7309,3431,21,3152,143,748,3248,239,469,12415,10379,13401,10413,19,2699,363,1,55,47,8,12694,1170,32,12751,1221,0.396,0.067,19482117
Saudi Arabia,10.7,17,6.4,0.6,325,245.4,-79.6,-0.25,144,122.2,-21.8,-0.15,50.8,43,-7.7,-0.15,31432,1266,8338,445,5721,128,4145,128,578,3833,3,4301,10860,19523,21750,27560,30,849,1706,0,18,19,77,21491,2675,112,16801,557,0.265,0.02,30991205
Papua New Guinea,25.2,23.4,-1.8,-0.07,740.6,563,-177.6,-0.24,354.3,249.5,-104.8,-0.3,121.3,90.6,-30.8,-0.25,5907,1357,1925,585,1922,2231,2561,2300,1120,446,12263,1129,4800,6556,13787,3992,1843,182,208,43,2025,366,143,1521,472,1679,2671,3937,0.535,0.251,9815741
Cape Verde,5.7,4,-1.7,-0.3,191.8,147.1,-44.7,-0.23,84.6,69.3,-15.4,-0.18,29.7,22,-7.8,-0.26,729,54,61,153,116,34,36,14,76,12,129,69,99,397,491,248,30,6,17,0,3,2,1,360,21,66,186,45,0.173,0.054,514684
Burkina Faso,6.4,4.3,-2.1,-0.32,124,97.2,-26.8,-0.22,80.6,55.4,-25.2,-0.31,24.9,17.9,-7,-0.28,12938,1100,1355,4458,4618,8884,1647,9725,3207,134,19187,3514,1774,5858,22954,2736,7572,169,900,501,7022,1828,360,3723,343,7367,1732,17230,0.221,0.064,21478692
Lebanon,23.2,10.5,-12.7,-0.55,1048.8,825.7,-223.1,-0.21,351.6,162.2,-189.4,-0.54,134.4,78,-56.4,-0.42,6187,185,1769,206,322,64,1109,32,88,28,11,105,4893,5464,2971,4509,8,87,247,0,18,15,2,2838,619,66,2512,224,0.475,0.289,5702401
Bahamas,8.5,7.1,-1.4,-0.17,263.7,207.9,-55.8,-0.21,135,80,-55,-0.41,43.4,28.8,-14.6,-0.34,538,59,92,126,117,2,23,6,101,12,0,109,117,341,128,402,0,18,13,0,0,1,1,127,32,4,118,14,0.188,0.024,395874
Iran,8.5,8.3,-0.2,-0.02,400.3,316.2,-84.1,-0.21,183.3,94.7,-88.6,-0.48,61.2,38.1,-23.1,-0.38,94234,3525,25735,1694,5328,238,6821,205,663,3124,73,5372,28860,48431,50916,49884,221,4714,2799,0,40,25,28,49495,6688,303,42228,1978,0.241,0.031,87723446
Mozambique,11.2,10.5,-0.8,-0.07,389.9,309.2,-80.7,-0.21,160.4,147.3,-13.1,-0.08,59.2,51.6,-7.6,-0.13,22520,2977,1323,4646,5511,6628,1487,5232,38222,213,26681,5435,5938,8934,28551,6193,5658,944,973,192,3674,991,364,1839,417,5334,3093,19019,0.23,0.056,30783685
East Timor,19.4,13.6,-5.8,-0.3,971.3,774,-197.3,-0.2,262.8,237.1,-25.7,-0.1,119.5,100.6,-18.9,-0.16,1749,382,114,213,434,110,247,215,137,67,1163,314,781,584,1531,157,89,60,36,3,126,34,15,362,26,54,402,423,0.676,0.108,1326051
Chad,8.1,5.6,-2.6,-0.32,326.9,261.6,-65.3,-0.2,114,89.4,-24.6,-0.22,44,35.4,-8.7,-0.2,8915,739,1701,2672,2885,20310,1316,18676,3278,203,18819,2744,2002,4409,22844,2518,17310,188,435,1462,10846,4616,704,3981,283,12332,1994,20072,0.138,0.027,17224685
Tonga,16.8,17.5,0.7,0.04,1209.3,971.6,-237.7,-0.2,325.2,263.6,-61.6,-0.19,140.9,111.2,-29.8,-0.21,101,18,27,7,19,3,25,5,9,3,61,17,87,140,87,117,1,7,3,0,1,0,0,25,13,4,44,9,0.467,0.153,105719
Malawi,9.4,9.4,0,0,597.4,481.8,-115.7,-0.19,180.2,155.4,-24.8,-0.14,75.3,62.5,-12.9,-0.17,12004,1552,584,3518,2195,5303,980,3017,17616,151,14802,3007,4483,5292,15903,3549,4557,426,598,105,1947,399,271,1073,246,4013,2380,7822,0.175,0.041,19533886
Congo,12.6,10,-2.6,-0.21,443,357.9,-85.1,-0.19,208.1,126.4,-81.7,-0.39,69.3,49.7,-19.6,-0.28,5368,318,534,1696,1101,745,330,447,4252,46,2533,1545,1318,2931,4116,2514,643,160,194,13,195,93,81,1549,155,517,1227,1370,0.268,0.021,5752791
Bosnia and Herzegovina,20.7,15.6,-5.1,-0.25,951.8,773.4,-178.4,-0.19,332.3,277.2,-55.1,-0.17,122.2,92.6,-29.5,-0.24,10948,2976,1222,1434,746,9,1160,4,149,877,1511,352,5829,6213,5821,4043,5,126,75,0,1,2,0,4240,645,7,4430,64,0.42,0.28,3299352
Belarus,32.7,32.1,-0.6,-0.02,840.3,686.9,-153.4,-0.18,405.2,369.9,-35.2,-0.09,130.7,108.4,-22.4,-0.17,44872,2125,11169,6785,3699,4,2968,22,640,5451,65,966,17308,8005,11244,12559,3,1069,438,0,3,4,1,11135,1941,16,19509,78,0.474,0.135,9350943
Cambodia,25.7,16.5,-9.2,-0.36,1366.2,1118.8,-247.4,-0.18,485.3,288.5,-196.7,-0.41,186.4,131.1,-55.3,-0.3,17092,4726,942,6718,5537,793,3249,1056,1548,290,18357,4446,14428,8157,21896,3293,580,1064,1008,7,643,210,95,3459,320,976,4987,3535,0.361,0.06,16725482
Russia,34.3,31.1,-3.2,-0.09,544.5,446.3,-98.2,-0.18,401,302.5,-98.4,-0.25,114.3,83.3,-31,-0.27,513141,53587,95222,117583,48387,131,33570,412,16475,47459,1278,22475,196883,163237,93885,177027,131,26406,6580,0,133,104,25,91533,28051,351,255684,2120,0.408,0.128,146371293
Jamaica,6,4.8,-1.2,-0.2,350.9,287.9,-63,-0.18,143.1,90.8,-52.3,-0.37,47.2,34,-13.2,-0.28,3884,436,629,400,652,57,229,73,509,31,331,690,1054,3410,1454,2796,33,55,67,0,2,4,4,1102,501,37,851,271,0.15,0.038,2830746
Mongolia,19,27.5,8.4,0.44,772.3,635,-137.2,-0.18,428.3,286.1,-142.2,-0.33,129.4,99.5,-30,-0.23,3973,528,886,2059,1036,16,395,31,148,544,643,368,2368,786,2370,1242,14,534,72,0,41,17,5,1711,49,41,1373,354,0.517,0.071,3290788
Kuwait,12.1,11,-1,-0.09,506.5,417,-89.5,-0.18,178.7,77.9,-100.8,-0.56,69.2,42.4,-26.8,-0.39,2333,178,660,19,304,2,375,5,19,179,0,76,1262,1721,1771,1969,0,64,82,0,6,5,1,1765,282,12,1384,120,0.335,0.022,4400146
El Salvador,5.7,5.2,-0.5,-0.08,159.6,131.4,-28.2,-0.18,67.5,58.4,-9,-0.13,24.1,19.8,-4.3,-0.18,6455,1057,842,2050,1048,157,351,340,870,112,906,884,1225,6147,3084,5184,107,271,305,1,30,21,7,2112,401,108,2347,336,0.141,0.017,6234680
Guinea-Bissau,9.2,7.8,-1.4,-0.15,194.4,160.5,-33.9,-0.17,131.7,105,-26.7,-0.2,39.3,32.5,-6.8,-0.17,1636,121,117,454,338,440,109,257,1310,8,1915,461,266,723,2287,562,359,61,57,53,283,47,29,367,56,405,374,1434,0.17,0.009,2013259
Iraq,16.6,11.2,-5.4,-0.33,1035.1,859.6,-175.5,-0.17,371.9,225.4,-146.5,-0.39,135,100.4,-34.6,-0.26,57255,1615,12340,399,6306,277,7324,520,323,7658,150,2055,21408,34188,29214,27381,136,902,866,4,372,212,48,28831,4611,101,22394,6462,0.351,0.018,42116604
Belize,4.7,4.7,0,-0.01,307.7,256.2,-51.6,-0.17,121.1,78.6,-42.5,-0.35,41.1,31,-10,-0.24,280,30,40,88,17,7,18,17,82,1,32,64,90,295,161,268,3,15,10,0,2,2,1,126,24,13,71,47,0.151,0.018,390819
Marshall Islands,36,48.4,12.5,0.35,784.5,664.1,-120.4,-0.15,413.1,322.3,-90.8,-0.22,140,121.2,-18.8,-0.13,71,14,22,10,23,3,14,1,5,3,41,20,46,111,52,86,2,3,1,0,1,0,0,11,17,3,37,8,0.487,0.083,42728
Dominican Republic,9.6,9.5,-0.1,-0.01,617.3,524.9,-92.4,-0.15,148.4,136.4,-12,-0.08,73.2,58.2,-15,-0.21,13452,1288,1988,2392,500,430,765,598,1168,268,335,1737,5730,7094,5383,6069,242,363,332,3,56,96,38,5019,761,293,5407,2500,0.146,0.065,11008297
Armenia,22,18.6,-3.4,-0.15,936.8,802.1,-134.7,-0.14,392.3,279,-113.3,-0.29,135.7,96.2,-39.5,-0.29,7775,1052,2067,611,403,2,1093,17,128,1126,174,28,4192,2688,4227,2769,2,65,77,0,20,9,1,3984,349,24,2618,122,0.494,0.015,2890894
Kyrgyzstan,23.9,17.8,-6.2,-0.26,822.5,706.4,-116.2,-0.14,372.3,239.6,-132.6,-0.36,127.4,92.2,-35.2,-0.28,8500,1121,2387,2149,1472,33,1284,72,310,1275,3142,313,4265,2031,5465,3045,34,715,99,1,81,27,8,2234,316,27,3668,823,0.48,0.028,6664142
Yemen,23.5,15.3,-8.2,-0.35,791.4,723.1,-68.3,-0.09,405.5,247.9,-157.6,-0.39,130.9,96.9,-34.1,-0.26,31663,1229,8343,368,8030,1173,4563,2643,716,4592,13261,6185,13138,9576,25948,11050,911,483,1001,97,1414,533,305,12486,1952,1036,13966,13862,0.325,0.081,36134868
Kiribati,60.7,67.9,7.2,0.12,1447.3,1328.5,-118.8,-0.08,724,632.7,-91.3,-0.13,243.8,223.4,-20.4,-0.08,120,23,42,10,31,28,44,19,22,5,124,23,167,207,137,164,21,12,1,1,3,1,1,11,23,11,57,34,0.539,0.273,126110
Ghana,6.2,5,-1.2,-0.2,235.1,216.6,-18.5,-0.08,85,69.1,-15.9,-0.19,34.8,29.4,-5.4,-0.16,29753,3059,2993,6663,1972,4317,1088,2999,15149,39,18347,3733,4542,15717,29473,11393,3278,767,1106,71,1366,369,319,11037,1259,4554,7788,12754,0.066,0.003,31887801
Zimbabwe,9.8,20.2,10.5,1.07,728.9,691.1,-37.8,-0.05,261.6,294.7,33.2,0.13,98.3,105.8,7.5,0.08,12776,937,886,4429,3882,3835,1651,4331,20308,315,13524,3829,7205,7544,15077,6808,2899,678,373,117,1640,701,242,1516,522,2849,2444,7413,0.218,0.015,15526888
Egypt,19.6,17.4,-2.2,-0.11,914.3,878.5,-35.8,-0.04,284.3,249.4,-34.9,-0.12,120.5,110.5,-10,-0.08,166123,5576,26785,3084,9774,1103,20055,2454,976,12041,177,641,61816,82217,116519,111096,902,1235,1303,17,1963,1185,163,115654,10743,987,73375,7570,0.481,0.004,109315119
Georgia,33.5,26.9,-6.6,-0.2,609.7,623,13.3,0.02,359.3,288,-71.3,-0.2,111.8,91.1,-20.7,-0.19,14743,2030,2173,1735,1910,3,1475,5,255,682,1195,1078,5342,3888,4403,4513,3,317,231,0,5,4,2,3141,521,29,3530,167,0.563,0.071,3795680
Indonesia,20,20.5,0.5,0.02,750.8,808.1,57.3,0.08,240.4,234.7,-5.6,-0.02,100.3,102.8,2.5,0.03,530700,100475,29356,23578,69372,33703,52710,24668,13301,3749,88747,46796,223481,166316,221663,87652,13655,8987,10558,228,4935,2451,1214,129281,42971,5736,113820,32449,0.714,0.037,274814864
Montenegro,26.6,22.8,-3.8,-0.14,746.2,825,78.8,0.11,393.9,366.7,-27.3,-0.07,122.7,114.4,-8.3,-0.07,2510,658,345,295,70,0,269,1,23,145,147,18,1120,953,827,810,0,23,28,0,0,0,0,675,88,1,735,8,0.316,0.311,607936
Sao Tome and Principe,3.5,3.7,0.2,0.05,136.8,152.6,15.8,0.12,78.8,72.1,-6.7,-0.08,23.4,23.5,0.2,0.01,180,12,23,49,12,11,5,10,16,1,108,28,26,69,146,67,8,2,7,0,3,1,1,36,4,24,40,28,0.101,0.013,217449
Azerbaijan,22,15.9,-6.1,-0.28,676.7,781.9,105.2,0.16,353,218.5,-134.5,-0.38,115.4,90,-25.5,-0.22,20719,2527,5589,2520,1436,99,3079,249,283,2007,335,269,8658,6590,8049,7443,87,699,93,1,187,144,4,7598,674,61,8096,1415,0.479,0.001,10181736
Mali,5.4,3.7,-1.7,-0.32,239.4,282,42.6,0.18,81.6,79.4,-2.2,-0.03,33.3,35.7,2.4,0.07,10158,863,985,1739,2492,6533,1597,12381,4641,241,21419,2248,2743,6494,26307,3794,5508,274,642,923,5878,1059,502,4804,524,4865,2054,33750,0.156,0.01,21713839
Uzbekistan,10.9,11.8,0.9,0.08,269.1,330.8,61.7,0.23,168.4,134.1,-34.3,-0.2,51.8,47.2,-4.6,-0.09,53532,6781,16829,6045,5737,51,5048,652,1319,9825,5276,212,12436,19702,32524,21334,58,3030,371,1,671,474,30,27099,1095,241,26152,5340,0.34,0.011,33586372
Lesotho,19.9,44.6,24.7,1.24,803.9,1003.6,199.7,0.25,276.4,461.6,185.3,0.67,106.8,164.1,57.4,0.54,2303,137,96,1097,829,1007,409,492,6202,64,2075,684,1814,1612,2473,1607,854,177,84,28,303,139,24,379,71,772,289,858,0.431,0.054,2235727
High-income countries,18.4,8,-10.4,-0.57,888.9,436.3,-452.6,-0.51,314.2,135,-179.2,-0.57,109.7,48.5,-61.2,-0.56,1783362,243069,300694,424471,226191,2678,113551,24674,43984,83913,3186,158511,1168393,1168474,428770,965411,1417,170758,114733,3,260,347,326,390196,141086,4501,639008,17670,0.2761,0.1734,1245004614
World,18.7,11.5,-7.3,-0.39,1022.5,660.8,-361.7,-0.35,324.2,170.9,-153.3,-0.47,126.2,72.6,-53.6,-0.42,10852106,1857696,1546243,1809439,1683592,802486,1292098,493989,900652,658247,3112927,861480,6175019,5292827,8079996,3709063,595242,463360,459661,17374,311123,92659,34292,4718812,657619,446330,3646004,1540470,0.3734,0.0869,7887001284
Upper-middle-income countries,19.1,14,-5.1,-0.27,1301.4,864.9,-436.5,-0.34,361.1,186,-175.1,-0.48,154.5,89.4,-65.1,-0.42,4625922,1067231,614292,729407,486025,28136,640556,45753,278953,229031,466659,179036,3038233,1927157,2953996,1445305,15648,132802,136296,229,8494,5353,1817,2394823,263735,28257,1523064,94934,0.4387,0.0477,2817793595
Low-income countries,12.7,7.7,-5,-0.39,468.4,319.4,-149.1,-0.32,187.2,116.1,-71.1,-0.38,70.5,44.8,-25.7,-0.36,479054,54090,68601,88588,111320,170536,50420,162246,190304,26902,544996,110181,141565,224602,656940,167182,145914,12412,20646,11057,106003,26843,11794,108310,23015,129959,125405,380077,0.2101,0.0387,679560815
Lower-middle-income countries,19.4,11.5,-7.9,-0.41,899.4,669.5,-229.8,-0.26,301.3,181.7,-119.7,-0.4,118.8,78.5,-40.2,-0.34,3952056,491002,560897,564965,858656,600685,486504,260898,386682,317777,2095923,412735,1821720,1966408,4034667,1126236,431935,147097,187618,6071,196147,60033,20325,1822095,229042,283305,1354366,1046866,0.3769,0.0937,3141910276
