Country,1990,2021,Absolute Change,Relative Change,1990.1,2021.0.1,Absolute Change.1,Relative Change.1,1990.2,2021.0.2,Absolute Change.2,Relative Change.2,Smoking_1990,Smoking_2021,Change,Percent_Change,Metric1,Metric2,Population,Lung_Cancer_1990,Lung_Cancer_2021,COPD_1990,COPD_2021,Cardiovascular_Diseases_1990,Cardiovascular_Diseases_2021,Stroke_1990,Stroke_2021,Oral_Cancers_1990,Oral_Cancers_2021
Singapore,9.9,3.6,-6.3,-0.64,692.3,187.4,-505.0,-0.73,224.4,48.6,-175.8,-0.78,84.4,19.9,-64.5,-0.76,0.28,0.05,5620150,13.407141530112328,20.957929826539473,13.971197334177512,20.089166404701306,-13.849698083930118,5.327147325365207,6.504303699201743,9.927155587803078,-3.6020266354093975,0.5632554258904795
Ireland,14.5,4.7,-9.8,-0.68,1702.7,479.4,-1223.3,-0.72,416.1,91.1,-325.0,-0.78,177.1,44.0,-133.0,-0.75,0.225,0.19,4982604,16.327356988288155,1.9461188399712954,7.384426184978614,-11.785675738191411,37.480068519224616,22.10500492814077,5.927632222944261,10.669285897867653,2.288303135118716,-0.38184622524928447
Malta,12.9,7.9,-5.0,-0.39,755.5,248.8,-506.6,-0.67,285.8,110.1,-175.7,-0.61,94.8,33.7,-61.1,-0.64,0.264,0.216,518213,15.956885381006925,-4.167361643574894,-3.5149719679251152,7.314692366905709,26.680851924976288,-4.928540407387909,13.618233136135899,5.170914239693758,-1.0377681854122875,-3.5212804932727515
Brunei,16.9,11.6,-5.3,-0.31,1373.8,484.8,-889.0,-0.65,347.7,123.4,-224.3,-0.65,154.2,58.5,-95.8,-0.62,0.3,0.023,447412,30.650298564080252,-3.0451442962552315,4.496141583470066,-3.581425691218269,2.3960976759185044,18.618223984765837,14.728853854217498,5.137011039518761,6.3301622237548765,8.718874474567153
Burundi,21.0,6.4,-14.6,-0.7,542.3,191.4,-350.9,-0.65,273.3,93.7,-179.6,-0.66,92.7,31.7,-61.0,-0.66,0.174,0.061,12617042,6.928466252766642,-4.988102849654384,8.764314542756244,-3.286253837646961,10.478124059196512,2.6151115577449104,15.440932200277324,1.593068721004776,4.386739810498646,10.504052085705109
Qatar,10.1,4.8,-5.3,-0.53,829.4,298.7,-530.8,-0.64,203.4,58.7,-144.7,-0.71,96.6,33.2,-63.4,-0.66,0.217,0.019,2803373,7.318630430508195,2.548982905858958,-0.807245528039747,-4.263939242388691,10.775591340042084,4.485362903475671,13.113718016819696,-5.215645888666762,2.9284602015341443,1.8800688629184736
Portugal,15.5,8.5,-7.0,-0.45,545.8,198.3,-347.5,-0.64,214.7,107.0,-107.7,-0.5,73.3,30.5,-42.8,-0.58,0.305,0.202,10370519,23.122128155073916,6.461519748166439,-4.557203955664314,-7.114907696798159,-3.0801169471782135,11.323194921666037,15.62652715319335,-0.6717507686677404,6.568381697463498,15.690300810552618
Australia,10.2,4.6,-5.7,-0.55,661.0,240.2,-420.8,-0.64,240.6,66.6,-174.0,-0.72,80.0,26.0,-54.0,-0.68,0.156,0.115,25743787,15.674347291529088,5.36690799330019,6.436872114919123,1.78521627944827,4.221833124091247,-7.327220215622985,0.24764788439432106,-15.109568141953854,14.306462747863414,-10.63689114133505
Mexico,7.2,4.9,-2.3,-0.32,635.8,243.0,-392.8,-0.62,134.0,56.9,-77.1,-0.58,71.4,26.6,-44.7,-0.63,0.199,0.062,126799052,2.4452561406504794,10.931832490360238,6.019665711087228,-6.979501164110378,-0.39575845465828685,7.814097461840506,18.17194065634326,0.8786037320525014,11.637541354413237,-1.138594592797181
Sri Lanka,11.8,6.1,-5.7,-0.48,837.3,320.7,-516.5,-0.62,174.5,74.5,-100.0,-0.57,93.0,35.6,-57.4,-0.62,0.414,0.026,22561807,14.725600435859647,3.690018918779071,-0.41943175371129726,4.484568257798388,31.472704434236228,7.004522082130561,8.485996046923997,-7.393911071509173,-12.058979684499036,-6.1002232060280495
Ethiopia,10.8,2.2,-8.6,-0.8,264.7,104.5,-160.1,-0.61,142.2,35.4,-106.8,-0.75,44.5,13.8,-30.8,-0.69,0.088,0.013,118917671,-0.18417692812462239,15.915340771573169,-2.485383056183228,0.18761890550863047,16.03178393147461,6.99451264008149,23.867608726252655,-10.069893172157709,-24.20421134901955,-18.2513661707306
Madagascar,17.9,7.7,-10.2,-0.57,536.1,212.1,-324.1,-0.6,182.3,70.9,-111.4,-0.61,78.1,31.9,-46.2,-0.59,0.427,0.128,28953560,3.1527024642974313,0.5434316676204394,6.225499373576363,-0.7944804686640976,24.430550949941583,7.67668643907818,-1.4248781808956785,4.031941511534784,11.686199112392737,0.13019314157300743
Israel,9.5,2.9,-6.5,-0.69,691.3,276.6,-414.7,-0.6,222.7,77.8,-144.8,-0.65,82.3,29.3,-53.0,-0.64,0.289,0.135,8800379,10.649622715660342,30.131691665896188,-10.365843414973241,-7.610636620415979,19.56172064043235,28.948001399108943,23.120638031652494,15.971022863445993,-11.199786984154212,-0.3384750838328354
Brazil,21.7,7.6,-14.1,-0.65,914.3,374.7,-539.6,-0.59,316.8,132.5,-184.2,-0.58,122.9,46.9,-76.0,-0.62,0.162,0.094,208660845,-6.842802446577979,10.946673477650062,-7.929637743765553,-3.422713305683327,7.144482287827707,0.65760015748684,10.582107834626479,12.46616606002313,1.4393459810731644,16.54149743242131
Belgium,18.1,6.3,-11.8,-0.65,1105.0,459.9,-645.1,-0.58,336.1,140.9,-195.1,-0.58,123.4,49.6,-73.8,-0.6,0.258,0.21,11540103,-4.909178325130325,-3.611575564162825,-1.0144422125243588,10.03391225825756,13.264797337202264,2.130030449981823,2.123819963855518,-12.233006036231771,-7.999130260593596,7.796116845547775
Ecuador,7.6,3.4,-4.1,-0.55,400.7,168.2,-232.5,-0.58,106.6,42.5,-64.1,-0.6,47.5,19.2,-28.4,-0.6,0.184,0.042,17546058,-0.8728752924097272,-8.788924980611123,0.2405284828815275,5.9691718762438075,12.01874561227918,-3.351405264247644,-1.5138583405432158,-8.552281365703376,-16.594804375800198,-9.66586824329205
United Kingdom,17.3,5.8,-11.5,-0.66,1365.8,576.4,-789.4,-0.58,420.9,114.8,-306.1,-0.73,150.7,53.2,-97.4,-0.65,0.173,0.135,67351860,4.941688796655763,10.144724152431852,10.644075655980046,-7.115552447985511,10.383721911080542,2.4252288083974536,7.345526918056798,13.13171187988216,9.93562728204788,20.136925663341884
Iceland,11.8,6.2,-5.6,-0.48,967.9,413.5,-554.4,-0.57,265.5,96.2,-169.2,-0.64,102.6,40.4,-62.2,-0.61,0.119,0.12,366626,13.402473325952739,1.8053721467414912,19.88356216949552,3.013323054292259,22.51998430172388,-0.31387127306517737,11.423659464019163,-6.996873935383095,10.669551603026468,13.42233695525353
Norway,13.9,3.6,-10.3,-0.74,828.3,354.1,-474.2,-0.57,275.3,74.2,-201.1,-0.73,94.8,33.2,-61.7,-0.65,0.17,0.154,5379274,0.3997592447878908,10.460004940920921,13.316596232020194,9.17387123371789,11.816746018418648,16.870165311075517,11.864354880354997,0.07766850002975412,-2.921104007267194,6.816977034686158
Chile,13.4,6.8,-6.6,-0.49,320.9,137.8,-183.1,-0.57,181.3,66.9,-114.4,-0.63,56.0,21.8,-34.2,-0.61,0.316,0.268,19370619,-8.523037013352916,6.912376245735448,1.2006147003657293,-15.604052811213716,4.651791924504025,17.475042479898548,-1.8170000393857895,7.026520990245519,-24.230422921449097,-1.6108409884983192
Canada,13.7,5.0,-8.7,-0.64,988.9,436.3,-552.6,-0.56,316.2,106.1,-210.1,-0.66,113.6,42.7,-70.8,-0.62,0.153,0.107,38171901,26.016487689215538,3.5417108734312728,5.489837920973112,7.568601923799351,24.149599682034914,0.697537062505238,7.708454077390171,-6.694444548636351,-2.054444482524828,-8.313392367234798
Spain,17.1,7.1,-10.0,-0.58,817.1,367.9,-449.2,-0.55,259.0,120.5,-138.5,-0.53,96.9,41.3,-55.6,-0.57,0.286,0.267,47679482,7.4322369951346445,-4.33793718068405,-5.180293646378088,-4.561237589458466,18.977633114860396,-2.1285557310422876,28.205703586118638,3.944755061459599,6.8250400540254645,-2.4830677607105303
Benin,5.9,2.3,-3.6,-0.61,247.2,111.3,-135.8,-0.55,118.3,51.4,-66.9,-0.57,37.9,17.0,-20.9,-0.55,0.118,0.019,13070170,4.4652820468792385,-13.448472246858646,1.7098686400761007,6.555986685931593,2.0753383418092004,7.2641555638640405,19.928431701007113,-12.150254949182045,-13.652115687741286,11.397486197041859
Bahrain,11.8,7.8,-4.0,-0.34,1414.4,639.5,-774.9,-0.55,321.4,101.6,-219.8,-0.68,158.6,69.4,-89.3,-0.56,0.253,0.045,1483081,1.6125181378654325,2.47485047932979,5.043413610798616,-4.162591565425168,35.383298033642475,4.887769557190287,15.465236696740321,-1.1556764395121366,6.591599197791556,20.92786305934609
Colombia,7.9,3.1,-4.8,-0.61,381.2,172.6,-208.6,-0.55,151.5,48.7,-102.8,-0.68,53.2,19.4,-33.9,-0.64,0.124,0.046,50629997,-0.12382724525182631,10.503987943234723,5.887185603380895,-17.078821006645192,-2.8306332759989736,9.239318177555107,4.104034781682003,4.555819341425369,1.4429015082700445,16.01443528272189
France,14.3,6.8,-7.5,-0.53,647.5,296.8,-350.7,-0.54,231.9,126.4,-105.4,-0.45,79.0,38.1,-40.9,-0.52,0.349,0.319,65905273,9.009225897098661,5.95093744130204,-4.32230943552323,-14.370424378831625,18.00935606944264,7.744230208512997,6.730313267182614,-13.262937335316693,8.162914996010883,-3.745494217862741
Denmark,21.0,5.3,-15.7,-0.75,1680.4,779.2,-901.2,-0.54,478.4,152.8,-325.6,-0.68,180.3,71.0,-109.3,-0.61,0.178,0.171,5831530,6.520064225776974,-5.3573877871198805,14.208465142411724,4.03084946661382,32.97601257968384,-4.507441149972319,18.75617972730417,9.37474737960399,6.604803684141532,-9.066174332890114
New Zealand,12.7,4.8,-7.9,-0.62,846.8,392.9,-454.0,-0.54,294.6,90.8,-203.8,-0.69,101.2,39.0,-62.2,-0.61,0.15,0.123,5069893,13.87698018345672,5.6318092585118205,20.387389130025777,4.547225017214819,12.084535606860097,21.325052013300613,-3.1439256519840546,2.5336220107331884,-6.694689408815556,2.5788624691120394
Germany,19.9,6.4,-13.5,-0.68,886.7,414.9,-471.9,-0.53,280.1,147.0,-133.0,-0.48,104.4,48.6,-55.8,-0.53,0.241,0.199,83628711,4.433613100811952,8.713173797288368,4.132398515431425,-6.6131662510440865,18.92133022242118,25.248776730955218,4.7342346257665495,8.926899544171478,15.097715016644914,-16.226393655628517
Thailand,13.5,15.9,2.4,0.18,1024.1,479.2,-544.9,-0.53,258.8,116.7,-142.0,-0.55,116.0,52.7,-63.3,-0.55,0.413,0.029,71641484,8.683062502067234,-3.56857436201133,9.817117220989415,9.02092458777374,4.8888642361469685,1.777113095156138,-8.565840738775893,5.928141340646615,1.8947042697302998,4.812677141847814
Luxembourg,17.8,4.4,-13.4,-0.75,852.8,403.2,-449.5,-0.53,299.4,108.2,-191.1,-0.64,105.3,42.1,-63.2,-0.6,0.224,0.198,630597,4.512933877706032,5.747251059455279,12.166439917111125,-14.510200622689599,25.035270192069007,2.437984400640159,11.363231226052793,16.588404299738443,2.8859546049006815,-0.21302586298668702
Panama,4.7,2.7,-2.0,-0.43,395.5,187.1,-208.4,-0.53,97.4,41.8,-55.5,-0.57,43.0,18.9,-24.1,-0.56,0.077,0.022,4293258,22.822781845089377,2.472087184459999,-1.8622047188583628,0.2842020135268343,4.60097863557011,5.693653907249049,9.48195939702741,2.575245026479073,-8.04267959073196,-4.093365018682422
Costa Rica,5.5,4.2,-1.3,-0.23,495.8,235.2,-260.6,-0.53,124.2,57.8,-66.4,-0.53,53.6,24.8,-28.8,-0.54,0.129,0.046,5034323,5.225027752620661,-8.949702978306231,4.920924818104168,-10.870161997624566,2.812769794809604,7.06456789987025,-1.079864622993739,-2.5580554112525298,-2.8248225119151034,-15.203030672667955
Myanmar,36.1,13.0,-23.1,-0.64,2163.8,1029.1,-1134.7,-0.52,689.4,220.6,-468.9,-0.68,277.4,108.8,-168.5,-0.61,0.685,0.197,53016525,17.162890710440994,14.457873603482835,13.995924007817948,-1.078361078021591,52.10009225836889,22.905442726728303,35.15786763290033,8.838975030322839,-0.5260271402690098,8.400001065697165
Czechia,35.6,10.7,-24.9,-0.7,1069.6,514.0,-555.6,-0.52,526.5,202.7,-323.8,-0.61,155.3,63.6,-91.7,-0.59,0.35,0.264,10550130,23.75544912103189,11.967845263682344,8.741760985488318,3.6539867131641404,16.25156309457241,29.642045387663494,-1.3866566300234098,9.884980290363881,2.92953940076577,-3.419008396619114
Maldives,20.6,7.4,-13.2,-0.64,1418.6,685.9,-732.7,-0.52,346.4,73.3,-273.2,-0.79,176.7,56.0,-120.7,-0.68,0.444,0.06,502127,5.461563500289776,16.43051243175277,1.1049021614453345,-5.804133652839523,12.420387036364403,6.6305277250595065,-2.274748802098202,4.408600703257044,22.418084801423433,-10.019168357102881
Estonia,33.7,9.1,-24.6,-0.73,630.0,305.4,-324.6,-0.52,404.6,172.0,-232.6,-0.57,116.8,46.8,-70.0,-0.6,0.363,0.23,1329674,13.768635950047553,15.218020520349029,6.085101742589427,-1.5055554422982538,1.9537082647609623,-0.9629724453845379,10.42051818559972,3.681916912038824,-10.215011429313565,-27.318622132816493
Finland,18.9,4.7,-14.2,-0.75,534.9,259.6,-275.3,-0.51,255.9,93.0,-162.9,-0.64,78.2,30.5,-47.8,-0.61,0.269,0.163,5529617,-11.776701238797756,-10.72669367957091,8.889982912454498,11.587928092144406,17.790099513456397,-9.21819228014527,15.944983026121545,-4.884916878067553,-13.78961397876741,0.6398509494936373
South Africa,34.8,15.3,-19.5,-0.56,638.0,310.2,-327.9,-0.51,241.2,168.3,-72.9,-0.3,101.3,54.0,-47.4,-0.47,0.34,0.065,60562374,-3.1518604889843047,-3.978250399151227,19.57643607795042,-3.0689186952314875,2.3907064750371685,0.7906996005808091,23.930276914578688,-2.8490091755094813,17.750703274936086,19.34251596669744
Guatemala,7.9,3.6,-4.3,-0.55,379.0,184.6,-194.4,-0.51,95.5,45.5,-50.0,-0.52,47.6,21.3,-26.3,-0.55,0.201,0.016,17357331,6.728612358691236,7.2803526720865985,11.97270826085207,9.421921120651417,24.687941819843648,2.8637302712620287,-1.2568426286894003,-12.535052717996935,-0.6652367715186611,17.2515921454787
Italy,13.5,5.3,-8.1,-0.6,775.1,377.9,-397.2,-0.51,269.1,91.3,-177.9,-0.66,93.2,37.0,-56.2,-0.6,0.266,0.195,59912763,16.704665799954107,8.837859509122088,26.191824575115564,-9.447068546576181,-6.83929407883722,23.49557863517788,17.31080833431296,20.085767431869392,-3.894727386599166,-3.4609625658627183
Switzerland,13.1,3.4,-9.7,-0.74,815.9,400.7,-415.2,-0.51,231.6,81.5,-150.1,-0.65,88.6,35.8,-52.9,-0.6,0.281,0.229,8640582,10.573682811899705,8.73047686306048,-3.2434756288804953,7.088041779152828,30.254563682900383,0.19388700963828498,5.816915304992928,-9.932632353912851,13.057046873960763,-4.948120603617806
Japan,11.7,6.1,-5.6,-0.48,716.8,353.7,-363.1,-0.51,171.2,83.0,-88.1,-0.51,76.1,33.6,-42.6,-0.56,0.301,0.1,126304536,6.453517176117594,41.88731490654721,12.528206367206781,16.095686206579003,13.525174672026184,7.277879516388985,3.600727000591804,-4.577051977959073,-3.7731553973686416,5.695742560750237
South Korea,18.2,5.6,-12.7,-0.7,1055.3,521.4,-533.9,-0.51,276.0,68.2,-207.8,-0.75,129.7,43.9,-85.9,-0.66,0.357,0.059,51858480,9.958963044107112,10.09890510693167,8.318420057383516,-22.521445001272895,18.487868881296073,6.420771039272479,17.915599374866723,-4.111072655691974,22.15109713546936,-8.666854391882914
Jordan,12.5,8.6,-3.9,-0.31,843.9,421.0,-422.9,-0.5,257.2,109.6,-147.6,-0.57,108.8,52.7,-56.1,-0.52,0.568,0.128,10865231,-3.905219903674274,16.62565640180599,27.338029332176724,-5.3339525547047675,10.870809131910503,19.78893273448084,14.139228784134197,12.638243769444413,10.04325871339269,4.59891899819466
Netherlands,15.8,4.6,-11.3,-0.71,1178.9,595.6,-583.3,-0.49,332.1,120.9,-211.2,-0.64,127.7,55.2,-72.6,-0.57,0.244,0.199,17636732,5.571557916052915,15.060017634932024,-1.6979828535515145,8.530721271805401,23.14636114352071,33.54932425873621,-6.824921569842493,0.9145032170797229,-1.0481140814570264,9.316802783846903
Poland,42.1,12.1,-30.0,-0.71,958.1,496.6,-461.4,-0.48,544.7,264.7,-279.9,-0.51,161.7,71.3,-90.5,-0.56,0.279,0.201,38171005,11.563612290402123,13.64391251305798,-0.3122184218077617,1.534546139570073,23.878652975751514,5.386312270796792,26.08440349725896,17.46842072673734,26.424082132655034,14.408332238843075
Croatia,29.8,12.0,-17.9,-0.6,1460.7,762.0,-698.7,-0.48,398.8,225.8,-173.1,-0.43,162.6,82.1,-80.4,-0.49,0.376,0.361,3953957,26.831222262189158,5.057307553596543,2.1360735455597792,7.8164587337130875,35.42301882016521,7.420605574817778,25.182913541474516,-0.9879062424386849,-1.179149230033385,1.4614592352004718
Andorra,11.5,7.4,-4.1,-0.35,793.7,415.4,-378.3,-0.48,239.5,99.7,-139.8,-0.58,91.5,42.0,-49.5,-0.54,0.353,0.283,77398,12.586182895684615,11.789692204932674,-16.66395724309807,-3.9398518671582052,14.867276486620396,16.74160877069072,0.14937298490470585,5.7299416222380195,10.16595372009307,-0.7767375017696587
Bulgaria,52.4,37.5,-14.8,-0.28,781.3,410.0,-371.3,-0.48,489.4,355.9,-133.5,-0.27,149.1,91.3,-57.9,-0.39,0.409,0.371,6933654,-2.7204015536273403,1.4017478546242828,2.19744978319239,5.430897874728999,23.868017614618775,20.513914896263113,14.395035334374091,-1.9624705325975729,7.465925804064919,-6.040825867565611
Mauritius,20.3,15.7,-4.6,-0.23,777.3,410.4,-366.8,-0.47,334.6,147.7,-187.0,-0.56,113.0,55.0,-58.0,-0.51,0.373,0.03,1283230,14.540839693947952,3.1318139325999113,-1.9413266155369797,1.1932276460792053,13.31387787786144,26.717073257360337,12.85030186282739,25.301491277733884,16.40741289398798,-6.6188035403986
Sierra Leone,11.6,6.5,-5.1,-0.44,308.6,163.0,-145.6,-0.47,164.4,100.4,-64.1,-0.39,53.3,31.0,-22.3,-0.42,0.205,0.064,7912558,1.4791771958368347,-1.7536354782910348,4.168937864762077,13.227820616598073,7.425543762789324,10.489281853259637,6.337737658239071,-9.705984190295128,17.214111967268526,-1.3347889190152677
Turkey,25.6,12.3,-13.3,-0.52,1188.8,630.6,-558.3,-0.47,451.3,207.0,-244.3,-0.54,160.8,76.8,-84.0,-0.52,0.421,0.192,86091691,9.310779996940415,8.498741393863225,11.457559757771595,6.384208433012131,27.198017688920594,7.927079092129404,5.752948461545801,8.474207102270276,5.144041490657666,5.977655068161781
Sweden,10.6,2.5,-8.1,-0.76,767.8,409.7,-358.1,-0.47,210.7,77.4,-133.3,-0.63,80.0,35.9,-44.2,-0.55,0.298,0.182,10353680,14.11676288840868,26.736585666735085,22.761708392158862,5.171026620752022,-5.101683926566256,11.291548306923094,-1.1162336793805148,8.850768809320986,-5.134178703461835,10.212846262332494
Oman,9.4,4.5,-4.9,-0.52,446.9,239.1,-207.8,-0.47,172.4,61.0,-111.4,-0.65,62.3,28.8,-33.4,-0.54,0.155,0.004,4522503,16.53999522495951,-15.79265192591748,12.619238381860503,-2.678769661224673,-4.136854221057131,15.407035805829079,4.105459290085548,6.153990974514983,6.468721429391164,-7.167789506803449
Hungary,54.7,16.3,-38.4,-0.7,866.5,464.9,-401.6,-0.46,524.3,331.4,-192.8,-0.37,154.8,82.4,-72.4,-0.47,0.358,0.278,9749460,24.79280119116199,15.102601903745136,1.97096344337597,-0.7560622407249351,30.65264094022715,20.564821811973644,22.563290192593648,3.915123411222918,-2.1331536975210614,17.398885689595218
Nigeria,3.8,1.8,-2.0,-0.52,128.4,70.2,-58.2,-0.45,57.3,28.3,-29.1,-0.51,20.7,10.6,-10.1,-0.49,0.069,0.005,213996186,-6.322175232226385,-15.067158711896516,-7.949146713483579,-3.7955818781962085,4.813654381279418,6.6627403110729775,6.8850015459443235,-0.5562069973342616,20.75487247526623,-2.393236010425688
Slovakia,33.5,12.9,-20.6,-0.61,798.7,436.9,-361.8,-0.45,453.7,217.2,-236.4,-0.52,132.6,62.7,-70.0,-0.53,0.374,0.256,5455028,10.167876241487853,1.5506813421056655,11.549191715065056,7.079521423782969,18.050166636473207,20.071746895891536,5.575856679138941,4.827114719791096,5.343353310827374,1.6673270565156384
Togo,9.9,7.7,-2.2,-0.22,508.7,280.9,-227.8,-0.45,208.9,145.2,-63.7,-0.3,75.0,47.2,-27.8,-0.37,0.123,0.012,8669722,10.81263431403564,15.60950596967366,-9.452332070206422,-1.8498448082026293,11.434339330653932,18.77295590445673,12.966987106483447,1.8339799837151145,-1.4032155131210868,-6.0561167914782335
Romania,33.6,24.5,-9.1,-0.27,684.6,379.6,-305.0,-0.45,355.7,273.1,-82.6,-0.23,116.8,73.2,-43.6,-0.37,0.359,0.2,19392469,21.43545127122359,7.962800190954628,24.154587658543537,6.557748568964129,20.99581705361671,24.80158991037527,-20.309426206300756,14.762791167949098,5.350803058649085,-22.046402602729415
Botswana,25.7,13.4,-12.3,-0.48,1013.2,562.3,-450.9,-0.45,387.3,171.2,-216.0,-0.56,143.8,69.0,-74.9,-0.52,0.304,0.083,2365895,9.588257621547104,-3.8774477792930604,18.98440120721287,24.20400798645439,16.172403196906387,16.837098875896427,21.553657003721035,26.93523001591351,-9.157262895296965,10.910453963610497
Cyprus,10.9,6.9,-4.0,-0.37,861.4,478.9,-382.6,-0.44,243.1,123.9,-119.2,-0.49,121.4,52.3,-69.2,-0.57,0.47,0.232,1302250,10.28341023336183,-1.9230370925996816,1.3782434789529523,11.326247034316923,10.426952745976873,6.173819196831455,-8.899137787780994,-1.9139178500783358,-6.074140385106515,8.937438970924333
Latvia,37.7,17.9,-19.8,-0.53,630.6,350.9,-279.7,-0.44,420.1,241.0,-179.1,-0.43,121.0,63.8,-57.2,-0.47,0.503,0.237,1901119,1.0366502599397194,13.175977489346758,-11.081345290908775,-0.07023532167841129,20.108452550976814,11.037136864333227,4.845590585968679,-9.232029795790776,15.634139079444253,-0.8992755711821341
Slovenia,19.0,6.9,-12.2,-0.64,481.5,268.5,-212.9,-0.44,296.4,139.3,-157.1,-0.53,83.4,38.6,-44.8,-0.54,0.244,0.196,2102419,-3.6220662408067064,-3.443666317171366,17.70872374165413,13.942139221639447,2.72627222384968,17.855089665083568,-5.358698946261438,1.8191795164874522,-4.066942789713957,1.827907172248719
Lithuania,32.8,18.3,-14.6,-0.44,754.4,421.3,-333.1,-0.44,346.5,219.4,-127.1,-0.37,115.0,65.0,-50.0,-0.44,0.421,0.218,2795766,19.62525822394198,8.664585895819748,4.6046015474738216,-0.8307537302155144,21.33252755714472,1.5806432901276395,-4.896814757209057,30.347093376543185,-7.019109826819397,7.109392177040995
Comoros,11.4,6.8,-4.6,-0.4,612.5,345.1,-267.4,-0.44,183.4,79.6,-103.7,-0.57,77.3,39.4,-37.8,-0.49,0.295,0.111,802172,21.29240028570823,4.395718399038138,16.243163119734618,-18.41124535177854,-5.430836042378406,9.59673308872901,17.019267873785196,-5.278745679697308,7.685527525272861,-14.443458568865426
Bolivia,9.6,3.5,-6.1,-0.64,415.6,236.0,-179.6,-0.43,175.1,76.2,-98.9,-0.56,60.1,29.1,-31.0,-0.52,0.205,0.048,11816300,5.289898784196662,-3.606003476058171,-12.93927658794367,-8.625863109174041,19.306556373256438,0.43161187672639345,-0.4700120131189127,18.428168054440675,13.66004154662997,-4.4175267734629475
Guyana,15.9,11.6,-4.3,-0.27,385.7,221.7,-164.0,-0.43,210.8,114.9,-95.9,-0.45,67.9,38.0,-29.9,-0.44,0.217,0.024,807487,16.82532897892024,25.239440893253256,-2.5987502295377283,-16.807919210258557,14.910974824130431,5.987448229348175,8.218038817307159,19.43700814076441,9.226533106650667,9.082646796218272
United States,18.0,7.8,-10.2,-0.57,881.7,513.2,-368.5,-0.42,370.6,160.9,-209.7,-0.57,116.3,57.6,-58.8,-0.51,0.284,0.175,339436157,15.246360250476343,12.099190223180113,5.867436997181832,-0.6351348404130861,20.005297343138757,21.424518626072988,7.67179421120816,-1.5038824170799447,13.449476858058162,-10.814894231692493
Gambia,13.8,7.7,-6.1,-0.44,388.3,226.4,-161.8,-0.42,202.2,108.6,-93.5,-0.46,67.1,37.2,-29.9,-0.45,0.214,0.008,2515744,0.258802453948757,-16.531425866576072,3.8248059376474206,2.0441837918955175,19.89190983945514,7.490990680199033,9.467408272231214,8.293830791852754,-5.554950885694607,4.051579321666293
Democratic Republic of Congo,9.0,6.7,-2.3,-0.25,248.0,146.1,-102.0,-0.41,129.9,85.8,-44.1,-0.34,42.7,27.5,-15.2,-0.36,0.227,0.029,95989999,7.883956055084139,4.614543147694277,-2.3656547147924365,18.139373122752826,23.059744444625768,4.589365481561488,3.757218910602554,18.20896623128538,-12.937106667418437,-12.74081804623405
Tanzania,13.9,8.0,-5.8,-0.42,530.8,315.4,-215.3,-0.41,216.7,112.9,-103.8,-0.48,80.8,44.1,-36.7,-0.45,0.14,0.034,60972801,23.46036566465969,-2.2078646476838797,10.268499323474988,5.474273737641626,22.263700650181306,-6.983561409799192,-7.1739222418856965,-0.7042774098748708,17.43733651955487,5.987299824335263
Ukraine,31.2,31.6,0.3,0.01,796.5,475.3,-321.2,-0.4,393.7,274.0,-119.8,-0.3,124.9,81.4,-43.5,-0.35,0.4,0.115,44680009,12.131739608900487,16.66433334796224,-4.431204293825942,1.878994711911358,0.3262576866835474,19.67253566027221,18.7056681944714,3.6621963989763837,0.5202016115786425,2.0855851770251643
Bangladesh,21.0,11.7,-9.3,-0.44,1146.3,687.9,-458.5,-0.4,417.4,182.9,-234.4,-0.56,154.5,81.2,-73.2,-0.47,0.522,0.171,166298024,31.096436558140063,0.19479261567299488,6.301205149787066,12.354055811834892,10.379230332642985,18.63484181141075,5.877434168386876,-0.13280913948643658,2.126669835449526,-13.715318159055094
Morocco,15.5,7.8,-7.7,-0.5,470.2,284.1,-186.1,-0.4,195.9,132.5,-63.4,-0.32,70.2,42.1,-28.1,-0.4,0.282,0.008,36584208,-19.177451040897445,3.0626355853310097,4.712956317118989,-20.00635309007885,4.281814223043211,27.947547233054603,-10.651818986597508,-7.200567306928667,15.387941418490579,12.910393544571713
Kenya,8.6,6.3,-2.2,-0.26,408.8,247.2,-161.5,-0.4,124.8,87.0,-37.8,-0.3,53.7,34.3,-19.3,-0.36,0.195,0.027,52217327,13.589025043752239,8.47987278980457,7.8293883405874904,4.071145581085659,8.315910502108338,2.067217650469991,-0.522151609659125,-4.091775450660071,7.173300094006599,-6.316915767980492
Rwanda,19.7,6.5,-13.2,-0.67,1185.6,719.4,-466.3,-0.39,414.8,169.0,-245.8,-0.59,160.5,80.4,-80.1,-0.5,0.201,0.072,13065839,16.920470682381712,16.697551941701214,15.141148780888898,11.728651938869668,29.25159020469123,14.25150327663939,26.242597906343107,-6.611402667622564,9.373877720816076,-5.69052437014381
Mauritania,12.7,4.8,-7.9,-0.62,234.9,144.0,-90.8,-0.39,128.2,57.6,-70.6,-0.55,43.8,21.4,-22.4,-0.51,0.193,0.021,4600135,1.3899264953413253,-9.862964070557762,-9.056420918378693,-13.715862457798416,-0.6874381315346563,5.703836837107552,11.56821742113493,1.8388346825922608,22.96402344901084,2.6476919723094285
Uganda,6.6,4.2,-2.4,-0.36,317.7,196.6,-121.1,-0.38,126.3,77.0,-49.3,-0.39,47.3,29.0,-18.3,-0.39,0.13,0.037,44457149,5.647607765355023,-0.4450123584094836,-12.976141707356222,12.88754043206929,8.962667644770782,20.124532797634743,-0.1755213440785921,-5.669732310586418,-5.01618230380143,12.356373494287151
Nepal,26.7,7.8,-18.9,-0.71,1928.8,1196.1,-732.7,-0.38,506.4,216.6,-289.7,-0.57,226.1,120.5,-105.6,-0.47,0.479,0.128,28966582,2.7343108539910723,7.300546888390439,24.08176821898509,9.409964074944142,26.361170676466774,17.12204467613048,12.334422956815715,10.772859117907478,16.06140128081237,-6.543218189783969
Malaysia,14.1,13.6,-0.4,-0.03,957.5,594.4,-363.1,-0.38,262.2,167.5,-94.7,-0.36,110.2,71.9,-38.3,-0.35,0.438,0.011,33889555,8.823281121624882,0.6567076742628828,8.833140119795917,-0.557879139008012,10.414821970080519,13.575215257703393,4.497649487826175,-10.525956462036271,3.876131248970845,2.7737984984797164
Argentina,23.1,8.4,-14.8,-0.64,504.4,314.4,-190.0,-0.38,310.2,162.2,-148.0,-0.48,90.2,47.7,-42.5,-0.47,0.294,0.196,45191960,12.591125715117466,22.424542402810967,-2.9748653655655355,8.71281866106285,-0.5366109684822238,13.233965097165392,27.08147983560841,6.647802322144571,5.391922788632569,5.719165003305729
Fiji,35.1,27.4,-7.8,-0.22,712.5,445.5,-267.0,-0.37,424.0,292.5,-131.6,-0.31,136.1,87.9,-48.2,-0.35,0.356,0.105,914970,28.38894044741516,12.839817109609555,22.31651975522523,27.101928578043957,11.182667538890957,15.051091231563582,13.346354522315535,14.488289616089247,19.367684264125316,9.56805607263144
Cote d'Ivoire,10.4,6.5,-3.8,-0.37,311.6,195.3,-116.2,-0.37,142.3,86.1,-56.3,-0.4,52.1,31.1,-21.0,-0.4,0.179,0.009,28915452,0.02729781726352698,-9.498839543350453,3.7617463429285873,3.373662550584952,-5.701846056163337,0.20066385449471724,7.947416471910697,-17.760356425714555,6.641357562896237,2.697415552772252
Liberia,5.8,4.6,-1.2,-0.2,170.2,106.9,-63.3,-0.37,102.2,67.1,-35.1,-0.34,31.3,20.4,-10.9,-0.35,0.143,0.02,5149471,-4.954936028931876,11.218619470547761,13.357971840638264,3.502205863003361,-5.063732529773327,5.000899928983076,12.493834540318423,5.168565698475721,6.3219607904963295,-3.058278390833223
China,18.8,16.5,-2.2,-0.12,1884.8,1185.7,-699.1,-0.37,410.2,205.0,-205.2,-0.5,217.3,116.7,-100.6,-0.46,0.494,0.017,1426106083,16.71242956415464,32.89156197012633,11.540184814101092,1.2413910045975598,43.131417966078395,28.24131749859772,17.598891590265136,20.445689924732925,17.244073373098022,-4.774902206487198
Turkmenistan,21.9,21.1,-0.8,-0.04,677.7,431.9,-245.8,-0.36,371.7,195.0,-176.7,-0.48,118.4,67.9,-50.5,-0.43,0.106,0.004,6949915,20.99402117702074,17.11465260551147,26.527479248819873,-5.103443694647917,8.266011111680571,-0.08015299411060184,5.697578541792971,-7.343410186912053,-0.0975272954288533,2.8984388304637476
Eritrea,23.9,12.6,-11.3,-0.47,209.4,134.1,-75.2,-0.36,187.1,88.7,-98.4,-0.53,59.7,30.8,-28.9,-0.48,0.147,0.002,3291277,9.257511096596845,-12.113699659540133,20.538408424432042,9.843358165442456,35.27882064837391,5.94969674146876,2.2155015091502177,18.881723868377033,-6.601096673390064,-9.79739011985607
Namibia,12.0,8.1,-3.9,-0.32,981.7,638.8,-342.9,-0.35,287.7,151.9,-135.8,-0.47,123.8,73.1,-50.7,-0.41,0.242,0.06,2728763,7.082397962329613,2.467659271337486,3.7003585152092655,-4.905838259088673,23.503179008808893,3.963791850608266,7.9499874058593605,9.307190093660452,-6.734091940210336,-27.020504834946074
Greece,19.2,14.5,-4.7,-0.25,1052.5,687.4,-365.1,-0.35,294.4,210.4,-84.0,-0.29,119.5,74.4,-45.1,-0.38,0.365,0.305,10699370,17.08267433113356,20.10911149186623,15.690709509543556,4.435662372193925,19.77336123694874,23.110466289248425,7.992777634901584,-1.8421185575840875,-16.078565893760018,6.597598041576679
Cameroon,8.5,4.9,-3.5,-0.42,212.8,139.2,-73.6,-0.35,115.9,75.8,-40.1,-0.35,38.0,24.6,-13.4,-0.35,0.132,0.014,26210566,4.770775493480404,-4.616694656187807,8.353759495851476,-3.5465744676511664,-2.8835778018121347,-11.541869047837748,9.936295436369798,1.16430922342294,21.702071299403222,9.777348410861952
Austria,15.6,5.7,-10.0,-0.64,568.0,372.6,-195.3,-0.34,236.6,126.1,-110.5,-0.47,76.0,43.4,-32.6,-0.43,0.277,0.25,8921402,17.286449905328894,8.778194281462284,17.486315575323488,6.959798257463919,18.403098794089914,0.9207815272841167,5.8394588580729945,8.621269125217225,-8.752083657216831,-22.327324355418384
Zambia,8.3,5.2,-3.1,-0.38,533.3,350.1,-183.2,-0.34,203.0,108.9,-94.1,-0.46,74.6,45.1,-29.5,-0.4,0.251,0.037,19059395,0.4394690612264762,12.256340534293368,-5.919234605801044,5.591621052869483,5.433621737622261,10.537118750645208,12.548400772155793,3.917053914124115,0.025463764142279466,-8.744307047099376
Eswatini,9.5,9.6,0.0,0.0,575.3,378.0,-197.3,-0.34,197.1,135.4,-61.7,-0.31,77.2,52.1,-25.2,-0.33,0.165,0.018,1192733,4.443378534022319,-4.059304715780829,10.720514599984394,12.980399442578992,12.800098146453614,23.470240292343405,4.596834198914178,9.034559924463693,-0.45213299888920666,7.754542610051978
Cuba,16.6,10.5,-6.1,-0.37,809.7,532.9,-276.8,-0.34,285.3,194.7,-90.6,-0.32,105.0,67.2,-37.8,-0.36,0.255,0.103,11176349,6.578918468678424,6.124746439382,15.834244868495878,-1.7401639885474696,41.35084538268795,9.422497389270122,8.136351903160907,-4.502735930793662,6.224066978091008,22.590954697116985
Senegal,11.2,5.0,-6.2,-0.55,190.1,125.6,-64.5,-0.34,152.8,77.4,-75.4,-0.49,43.7,23.4,-20.3,-0.46,0.131,0.007,16789215,-10.265149481321185,-30.07267340069073,-15.402394864231143,-1.5287493529337128,5.594401002753502,-2.041995266931984,-16.923006845321076,3.3316082403607803,9.468372125392968,0.9099370767540789
Seychelles,19.9,16.5,-3.4,-0.17,929.8,614.5,-315.3,-0.34,318.7,151.7,-167.0,-0.52,119.1,68.9,-50.2,-0.42,0.34,0.064,120299,14.87120277064576,-3.3538764133428973,-5.877585126657751,-6.342637157823074,29.357733262856755,29.146570694405902,17.500276747024813,-9.3141449690498,12.177734883597452,-5.213029412291345
Barbados,6.3,3.6,-2.7,-0.42,305.7,203.7,-102.1,-0.33,83.4,42.2,-41.2,-0.49,34.6,20.1,-14.5,-0.42,0.15,0.019,281705,6.070552721798894,-0.5156815139316029,-18.662321777601004,-3.4379326007611164,-1.8417642512588737,-11.46513900416244,5.886884758979927,0.294739386512997,-4.792774385689384,-1.2259644110484016
Serbia,30.4,17.1,-13.3,-0.44,953.6,637.4,-316.2,-0.33,397.9,317.3,-80.6,-0.2,139.4,91.0,-48.4,-0.35,0.405,0.391,6907817,13.991134566424611,-3.3778318196484953,4.275931655554423,8.323004930448523,20.560115095030383,-8.338059566200817,19.738101098596523,-2.669076414647897,2.510782862135885,16.478764191481847
Pakistan,17.8,11.8,-6.0,-0.34,1151.9,771.4,-380.5,-0.33,333.4,207.3,-126.1,-0.38,139.7,91.1,-48.6,-0.35,0.33,0.073,235001743,11.62412866624853,25.43411303931635,14.160422557959622,12.124886166453518,38.6630063563551,18.06514450053332,-19.183553781936894,-0.9782994258976663,7.0167995048829965,-3.7266417912453536
Philippines,28.0,20.7,-7.3,-0.26,959.0,652.7,-306.3,-0.32,301.6,236.9,-64.7,-0.21,141.4,90.9,-50.5,-0.36,0.393,0.065,112081271,-0.013707420504141865,-5.211413779606325,22.09357052096028,-4.676653241776253,14.940329422122327,8.614457756473888,30.78174704780728,18.723931752104377,1.7550887381645293,-5.264920066502535
Vanuatu,28.5,27.8,-0.7,-0.02,826.7,563.8,-262.9,-0.32,383.4,244.0,-139.3,-0.36,132.8,90.6,-42.2,-0.32,0.33,0.026,298868,9.073546772346411,4.659555133030163,7.380947804197753,13.226059201056604,38.04448557996929,3.3776718286928666,7.900103718448264,17.25510120594269,20.05745576019993,-2.1094352218203247
Moldova,26.8,26.5,-0.3,-0.01,631.5,431.4,-200.1,-0.32,355.6,288.9,-66.7,-0.19,107.8,78.7,-29.2,-0.27,0.517,0.062,3069135,7.352854834732306,9.177405772860915,21.67615545571292,17.491378588049507,23.247519354554754,18.888564472993533,18.627828167375164,11.60038120907177,8.143749516382513,-7.172286082587123
Haiti,16.1,7.1,-8.9,-0.56,308.0,210.5,-97.5,-0.32,179.6,86.3,-93.4,-0.52,57.8,31.2,-26.6,-0.46,0.122,0.031,11243847,-2.2427726922161897,17.532732890661155,-10.911014582148914,5.6943490322370085,3.0453322410573236,7.118007137711988,-6.353059271255309,-8.739127646725791,9.082777860498174,2.162703159947955
Algeria,10.3,7.6,-2.7,-0.26,765.2,526.1,-239.1,-0.31,174.3,91.2,-83.1,-0.48,109.5,61.5,-48.0,-0.44,0.413,0.007,44042093,9.33714288333991,-8.208621511794393,-11.558824393551546,21.842958125580658,22.74907739055521,3.5842136926327157,13.792739050625698,1.1409155030519815,9.913812686674127,18.091784584695606
Nauru,77.0,71.1,-5.8,-0.08,1245.1,856.2,-388.9,-0.31,708.1,590.3,-117.8,-0.17,242.2,191.7,-50.5,-0.21,0.478,0.491,11665,28.260508568145383,30.801637521549594,11.554523011033812,1.8471080089642689,46.055544496267295,15.951956013291055,6.419844368263439,25.549976999791834,19.000738574853248,8.98179273116029
Peru,5.4,3.7,-1.6,-0.3,239.1,166.8,-72.3,-0.3,63.0,34.3,-28.7,-0.46,28.1,17.1,-10.9,-0.39,0.132,0.03,32838576,21.6718590121053,1.8123306101958707,5.245654489393073,-11.59154703311417,10.433099622171964,11.289573282801447,-4.270689606958051,2.614169136399048,2.6532155870370695,-2.010535021262876
Palau,27.9,41.2,13.3,0.48,774.8,547.4,-227.4,-0.29,368.6,256.5,-112.1,-0.3,123.5,94.6,-28.9,-0.23,0.273,0.079,17817,14.095778128318392,-0.3550865104795111,5.8480525190590695,-13.057202489042787,2.822752801095435,20.692011779586608,27.785313538667864,29.815295399816943,-9.263319479558465,-0.08011268915544134
North Korea,25.8,28.8,3.0,0.12,1018.8,728.9,-289.9,-0.28,334.7,291.6,-43.0,-0.13,136.2,105.5,-30.7,-0.23,0.348,0.0,26136313,16.195503907227643,15.171034742632708,-13.864421000398767,20.23544311489183,13.15862824175131,14.83324136220617,7.627175992366535,11.31817839394372,8.082879517526415,-12.46690808696657
Tunisia,10.3,11.5,1.2,0.11,929.9,666.7,-263.1,-0.28,227.2,162.4,-64.9,-0.29,106.0,72.2,-33.7,-0.32,0.472,0.02,11974058,9.855540842338328,9.210596955734701,4.408799604872117,10.153656563540578,13.424813644484951,29.29636996047666,9.59432873179723,6.974491164900316,-3.3335689379182902,10.99709777147159
Tuvalu,51.1,40.8,-10.3,-0.2,898.6,652.7,-245.9,-0.27,564.7,377.6,-187.1,-0.33,170.8,123.5,-47.3,-0.28,0.498,0.213,10423,-2.1077121529904126,6.347831228412055,-4.50469500504853,5.61915329089545,24.875665708999538,7.824152336738473,20.656677306887545,5.553835357974988,-0.16216681749756745,2.9266280298719796
Albania,9.7,10.2,0.5,0.05,1360.2,990.4,-369.8,-0.27,265.4,179.1,-86.3,-0.33,137.5,94.7,-42.8,-0.31,0.388,0.06,2871951,13.484861245507831,10.16802084990019,13.571725488300384,7.5346862631982034,26.83172097550678,-1.050251709247389,14.581818879726049,7.964409047822824,9.988640187550931,1.0362008640937437
Niger,5.2,2.4,-2.8,-0.53,165.9,120.9,-45.0,-0.27,50.8,29.3,-21.5,-0.42,23.3,16.2,-7.1,-0.3,0.137,0.011,23717614,2.9323020994102644,-2.233135968617602,4.830982460968483,-10.444890472983765,5.272010009332538,-4.489080698812445,3.1351890514357645,-0.3906983638054389,13.081830714336357,32.417075678448604
Solomon Islands,33.5,41.3,7.8,0.23,1173.1,856.1,-317.0,-0.27,565.7,481.3,-84.4,-0.15,189.8,157.4,-32.3,-0.17,0.538,0.192,744507,43.61242112485286,16.87517345251248,0.09120213672644795,32.32751979616826,15.11655641289899,23.154139836445022,16.935610024662257,18.099086766885904,5.906715767360616,7.709529083656863
Samoa,21.3,27.8,6.5,0.31,963.0,705.8,-257.1,-0.27,391.2,300.6,-90.6,-0.23,137.5,108.9,-28.6,-0.21,0.361,0.145,211958,11.826390352188774,17.51130674521047,1.7363308266330648,6.737211819752275,24.426978510059634,18.768394493226918,33.65915585238275,17.190023167945842,7.213330125989637,-4.250910500951843
Vietnam,12.7,15.4,2.6,0.21,981.4,725.3,-256.2,-0.26,312.0,232.9,-79.1,-0.25,118.4,88.1,-30.3,-0.26,0.474,0.022,98079196,14.855473423336125,24.67016816145352,-4.672135218889514,5.498947946048929,23.865857452838235,10.8026394214367,7.711812029664149,-1.6928946050794949,20.57414944635238,-1.6205759620554332
India,20.3,9.5,-10.8,-0.53,932.2,691.5,-240.6,-0.26,297.7,167.5,-130.2,-0.44,121.9,76.8,-45.1,-0.37,0.413,0.13,1402617692,11.842882302947569,-4.698154988268492,5.468209027268282,11.09766623898692,23.882904479310398,15.040553965142967,10.543990467149676,-7.936329535577781,6.064531794885683,13.78845709196755
Uruguay,22.9,11.8,-11.1,-0.49,591.3,438.9,-152.4,-0.26,362.9,217.9,-145.0,-0.4,101.9,64.1,-37.9,-0.37,0.244,0.185,3398967,-1.4967803761953196,27.740333746562666,14.646423205012383,8.015092317367133,26.09280725554622,-2.9003942419044417,17.63954396007612,-13.875053731032965,29.073831141803947,3.0557041053776444
Laos,35.9,19.1,-16.8,-0.47,1447.6,1076.0,-371.6,-0.26,571.5,275.8,-295.7,-0.52,206.8,126.6,-80.2,-0.39,0.533,0.103,7346533,32.10822814515021,-6.860877995225017,0.4827395366445639,8.568840242791314,39.35922154548904,33.4276460407326,25.53125932957984,13.941913269125436,11.859096456315442,-10.584779783173667
Paraguay,10.2,6.4,-3.8,-0.37,802.7,599.6,-203.1,-0.25,176.3,140.3,-36.0,-0.2,84.1,61.9,-22.2,-0.26,0.186,0.044,6603742,15.929330326867742,4.672149049644167,9.245465155178444,-4.809744554453118,17.206800792284366,8.463488216074312,17.757303055603803,-6.700666061738735,-15.084627591558178,11.049289345752035
Kazakhstan,30.1,15.4,-14.7,-0.49,576.2,434.8,-141.4,-0.25,406.0,221.4,-184.7,-0.45,118.6,68.2,-50.5,-0.43,0.396,0.067,19482117,19.77031947043047,12.703172064845766,0.6274238162755914,8.124683571359958,17.088342885413528,21.40295831588128,14.689302220291847,-16.754905929524828,11.091416211045324,-4.635440855389939
Saudi Arabia,10.7,17.0,6.4,0.6,325.0,245.4,-79.6,-0.25,144.0,122.2,-21.8,-0.15,50.8,43.0,-7.7,-0.15,0.265,0.02,30991205,-4.01387454794739,7.1099186773503265,-5.388728322623442,20.970244964750336,-8.989609335159914,9.877253463777041,-7.874049127304835,6.895786045309642,5.335583848827778,20.022977762175454
Papua New Guinea,25.2,23.4,-1.8,-0.07,740.6,563.0,-177.6,-0.24,354.3,249.5,-104.8,-0.3,121.3,90.6,-30.8,-0.25,0.535,0.251,9815741,26.157943109360993,2.833004801794063,4.994696400454422,17.984200461549776,22.49118219132586,18.157532191537836,24.825315323010962,31.271995174327905,16.536527540827457,13.518480657146485
Cape Verde,5.7,4.0,-1.7,-0.3,191.8,147.1,-44.7,-0.23,84.6,69.3,-15.4,-0.18,29.7,22.0,-7.8,-0.26,0.173,0.054,514684,-11.048510627922807,0.11877749642724789,-8.867423224193741,17.031866266393973,6.531876871631112,8.99767280232204,-9.38445393018688,1.4792908846010668,7.622813512699584,-3.8132189565875114
Burkina Faso,6.4,4.3,-2.1,-0.32,124.0,97.2,-26.8,-0.22,80.6,55.4,-25.2,-0.31,24.9,17.9,-7.0,-0.28,0.221,0.064,21478692,8.358570938002703,-3.140009346588328,-4.291493053471821,-4.217156764311852,6.450788371953734,7.162085600173149,4.769354652390333,9.637907744516419,-0.6375598398377382,13.347163617351129
Lebanon,23.2,10.5,-12.7,-0.55,1048.8,825.7,-223.1,-0.21,351.6,162.2,-189.4,-0.54,134.4,78.0,-56.4,-0.42,0.475,0.289,5702401,35.344556258099786,1.9063524305578854,-5.258778925888484,-5.996048202585808,7.392514241796906,18.12722759867544,1.8652414998064222,6.278293585475651,-8.210982362893658,3.0185551052740327
Bahamas,8.5,7.1,-1.4,-0.17,263.7,207.9,-55.8,-0.21,135.0,80.0,-55.0,-0.41,43.4,28.8,-14.6,-0.34,0.188,0.024,395874,-5.565363251306884,11.376020970210247,21.817251329163895,0.18213079900351858,-4.300565404082624,17.611525301324313,2.3966165340700747,1.0271034680885738,-0.7882325728602531,9.391736751222195
Iran,8.5,8.3,-0.2,-0.02,400.3,316.2,-84.1,-0.21,183.3,94.7,-88.6,-0.48,61.2,38.1,-23.1,-0.38,0.241,0.031,87723446,0.4570227039722816,7.3801548596504745,3.412635519717287,2.4622491228869463,19.711528533329037,7.680211697014701,7.571624103034805,11.857764829877686,-6.669204542093,5.990328172944747
Mozambique,11.2,10.5,-0.8,-0.07,389.9,309.2,-80.7,-0.21,160.4,147.3,-13.1,-0.08,59.2,51.6,-7.6,-0.13,0.23,0.056,30783685,6.916513650876413,-1.7690959526065422,-4.037255079925856,13.521915184709485,8.48444846143345,14.830037575885124,7.357572154502732,0.709254558113487,-4.029234498047227,-6.9155665499087355
East Timor,19.4,13.6,-5.8,-0.3,971.3,774.0,-197.3,-0.2,262.8,237.1,-25.7,-0.1,119.5,100.6,-18.9,-0.16,0.676,0.108,1326051,6.915243458838009,19.055998754332506,8.11479910734222,-11.894646297148192,24.740006973726246,14.19264305712773,12.584207542352848,9.715923140719031,9.470784044206095,-3.4174983231746205
Chad,8.1,5.6,-2.6,-0.32,326.9,261.6,-65.3,-0.2,114.0,89.4,-24.6,-0.22,44.0,35.4,-8.7,-0.2,0.138,0.027,17224685,-11.106634310661326,6.612995208766094,1.0767195030917018,17.065503194606137,6.883183761304611,19.711172154494726,19.217112690586468,5.6949780619601365,18.019045043514062,11.361608175811611
Tonga,16.8,17.5,0.7,0.04,1209.3,971.6,-237.7,-0.2,325.2,263.6,-61.6,-0.19,140.9,111.2,-29.8,-0.21,0.467,0.153,105719,14.775629748060275,19.248621188389603,4.835304004667771,3.979921014210106,21.432561394957453,9.916076979407302,14.3983430151398,1.1030954635695132,8.173715298229812,-0.01175332106540905
Malawi,9.4,9.4,0.0,0.0,597.4,481.8,-115.7,-0.19,180.2,155.4,-24.8,-0.14,75.3,62.5,-12.9,-0.17,0.175,0.041,19533886,-3.0930371372610486,12.546288419236122,9.906667000434252,-1.1438106994742006,20.677838059759978,27.384404329108158,2.829433647093513,14.295423495365227,-9.699830620351843,-2.161484632419967
Congo,12.6,10.0,-2.6,-0.21,443.0,357.9,-85.1,-0.19,208.1,126.4,-81.7,-0.39,69.3,49.7,-19.6,-0.28,0.268,0.021,5752791,11.665924306351815,-3.3199501092207218,11.04007710047305,-7.636043752601675,5.2345527178262605,7.053420493556566,14.491871682883573,1.7294024330459141,6.525026682201407,-8.06022579349353
Bosnia and Herzegovina,20.7,15.6,-5.1,-0.25,951.8,773.4,-178.4,-0.19,332.3,277.2,-55.1,-0.17,122.2,92.6,-29.5,-0.24,0.42,0.28,3299352,3.02575765766197,3.6581895980303045,0.8049885238947256,-11.918566718657694,19.291207769409834,-0.41775102118048224,20.448704889246407,-1.075451594928447,15.632314866456511,7.01399065593461
Belarus,32.7,32.1,-0.6,-0.02,840.3,686.9,-153.4,-0.18,405.2,369.9,-35.2,-0.09,130.7,108.4,-22.4,-0.17,0.474,0.135,9350943,28.569344050175395,18.31293605123262,0.7768175935531998,13.651705839619147,14.982247112949572,17.541044149107893,-3.1270781513699237,12.953098435704035,-2.1768290431938224,23.87724919243145
Cambodia,25.7,16.5,-9.2,-0.36,1366.2,1118.8,-247.4,-0.18,485.3,288.5,-196.7,-0.41,186.4,131.1,-55.3,-0.3,0.361,0.06,16725482,10.807467076637629,19.213702654334647,6.56948302848356,7.288179671884039,23.615037725676846,12.85448342525119,19.02200069849858,0.19232018208962742,4.251828333270822,-6.742329142542729
Russia,34.3,31.1,-3.2,-0.09,544.5,446.3,-98.2,-0.18,401.0,302.5,-98.4,-0.25,114.3,83.3,-31.0,-0.27,0.408,0.128,146371293,8.209384837943244,8.120984060358518,-17.30421164735585,-8.73460899741054,14.053278765313607,20.90143548988724,15.012727423108984,6.112811573691283,3.575881947291971,2.7411945667275806
Jamaica,6.0,4.8,-1.2,-0.2,350.9,287.9,-63.0,-0.18,143.1,90.8,-52.3,-0.37,47.2,34.0,-13.2,-0.28,0.15,0.038,2830746,12.855172173696698,4.57327383308782,-12.791910621985522,-11.250787720636161,9.301337716337128,-1.4262397930239095,0.3283649664000814,2.288810033557965,-6.4329831308224,15.142205554154291
Mongolia,19.0,27.5,8.4,0.44,772.3,635.0,-137.2,-0.18,428.3,286.1,-142.2,-0.33,129.4,99.5,-30.0,-0.23,0.517,0.071,3290788,0.6313568356604495,22.72664895788425,20.138742674445247,1.6171530070987181,14.622513783365227,10.463165667852202,22.8150681331162,17.823955658315782,10.36480433843859,2.1885860875428484
Kuwait,12.1,11.0,-1.0,-0.09,506.5,417.0,-89.5,-0.18,178.7,77.9,-100.8,-0.56,69.2,42.4,-26.8,-0.39,0.335,0.022,4400146,9.194599346041295,-1.675713888358299,19.90967713501284,18.81021525289393,22.93756125573521,-12.535407309455309,3.343444129674733,7.714982328799528,0.8665185139221845,5.795717962497339
El Salvador,5.7,5.2,-0.5,-0.08,159.6,131.4,-28.2,-0.18,67.5,58.4,-9.0,-0.13,24.1,19.8,-4.3,-0.18,0.141,0.017,6234680,15.481427542824282,7.450973811700379,-1.2853603955637833,-1.6059135136360476,-5.331073022195039,-1.5530631924907667,2.9427645347154225,1.135730412548561,4.918324439070277,-10.029935281468797
Guinea-Bissau,9.2,7.8,-1.4,-0.15,194.4,160.5,-33.9,-0.17,131.7,105.0,-26.7,-0.2,39.3,32.5,-6.8,-0.17,0.17,0.009,2013259,-12.144832345612276,1.2280734756610592,7.730569630557664,-13.406429531181061,4.026283558386409,-19.363793266289566,1.0202817571613039,10.452662992002871,-7.695921778021001,5.258070972076485
Iraq,16.6,11.2,-5.4,-0.33,1035.1,859.6,-175.5,-0.17,371.9,225.4,-146.5,-0.39,135.0,100.4,-34.6,-0.26,0.351,0.018,42116604,15.346338585323043,7.863187967727798,9.86250154543536,2.562569359140557,15.85268941725825,-0.7790282348572326,9.605790475814677,20.930075490173135,-0.32458300323410416,1.1405573499545123
Belize,4.7,4.7,0.0,-0.01,307.7,256.2,-51.6,-0.17,121.1,78.6,-42.5,-0.35,41.1,31.0,-10.0,-0.24,0.151,0.018,390819,6.708827942484236,14.0877685198719,32.84380808455238,-1.1772356974767046,20.63477884353733,12.254146561442973,-8.085750868952017,7.748103063518622,8.456813578277714,10.787299956798629
Marshall Islands,36.0,48.4,12.5,0.35,784.5,664.1,-120.4,-0.15,413.1,322.3,-90.8,-0.22,140.0,121.2,-18.8,-0.13,0.487,0.083,42728,21.818228717773103,20.3741634898803,18.195749114345766,-20.908866429415717,22.965547765115748,26.038001586508322,-4.600508825942942,8.587526198433808,0.47166847908233045,15.50986051564751
Dominican Republic,9.6,9.5,-0.1,-0.01,617.3,524.9,-92.4,-0.15,148.4,136.4,-12.0,-0.08,73.2,58.2,-15.0,-0.21,0.146,0.065,11008297,-5.049507108780819,13.955096360006385,2.3808240851923346,2.367051334821878,21.298445394686347,12.984575617849648,21.06905063224972,-9.044362323501595,19.465638512334053,27.64163642018614
Armenia,22.0,18.6,-3.4,-0.15,936.8,802.1,-134.7,-0.14,392.3,279.0,-113.3,-0.29,135.7,96.2,-39.5,-0.29,0.494,0.015,2890894,0.3654338691572363,22.67478807154329,-2.770404406004257,2.500654697913221,5.499396269630278,4.760238568707869,1.0293865168167233,-3.917136630753725,0.07463814385397605,8.682331732135758
Kyrgyzstan,23.9,17.8,-6.2,-0.26,822.5,706.4,-116.2,-0.14,372.3,239.6,-132.6,-0.36,127.4,92.2,-35.2,-0.28,0.48,0.028,6664142,17.95941565616898,9.43003841632759,-9.694463202575722,11.572063648134183,21.780502658692587,13.352886438580201,-0.9959234945630708,3.401752956453324,6.0688472575188595,6.023963165821664
Yemen,23.5,15.3,-8.2,-0.35,791.4,723.1,-68.3,-0.09,405.5,247.9,-157.6,-0.39,130.9,96.9,-34.1,-0.26,0.325,0.081,36134868,16.059846732331863,16.50952971294964,8.579636358672232,23.334560949453454,28.53130795623437,14.498974609094317,-12.370901136037146,0.6878779784071698,13.2529083187309,4.850843015773361
Kiribati,60.7,67.9,7.2,0.12,1447.3,1328.5,-118.8,-0.08,724.0,632.7,-91.3,-0.13,243.8,223.4,-20.4,-0.08,0.539,0.273,126110,26.884928503458767,19.237332434065443,4.626492547156968,22.435650295477576,37.39283989275424,21.926353108074572,10.67638252310498,13.768286970145542,-6.869657329330316,3.1703370718931163
Ghana,6.2,5.0,-1.2,-0.2,235.1,216.6,-18.5,-0.08,85.0,69.1,-15.9,-0.19,34.8,29.4,-5.4,-0.16,0.066,0.003,31887801,6.944482094969757,6.181663524884421,-12.482537095976742,-1.2188869055483058,15.874803750653513,19.443983017671506,-10.794897934074983,2.624499248971072,-16.56408811980776,4.266838434616911
Zimbabwe,9.8,20.2,10.5,1.07,728.9,691.1,-37.8,-0.05,261.6,294.7,33.2,0.13,98.3,105.8,7.5,0.08,0.218,0.015,15526888,3.029752784215092,9.278569456323154,-1.5507288424252659,-5.7752590874167025,9.572115498996277,24.643622905756715,23.301151601363692,12.70292754356731,-12.307563145700948,0.21998589860970563
Egypt,19.6,17.4,-2.2,-0.11,914.3,878.5,-35.8,-0.04,284.3,249.4,-34.9,-0.12,120.5,110.5,-10.0,-0.08,0.481,0.004,109315119,14.372536971610035,12.019959649927182,-4.790480036143949,31.258598032498604,32.168474401855796,14.36535826170336,18.533170893426345,7.030012219409088,16.24084103427182,4.999609762696143
Georgia,33.5,26.9,-6.6,-0.2,609.7,623.0,13.3,0.02,359.3,288.0,-71.3,-0.2,111.8,91.1,-20.7,-0.19,0.563,0.071,3795680,14.110724732986812,15.061570254369135,22.461416350725646,5.147184340144882,39.7589812361925,13.933858389945307,0.9444965482227623,11.24201643826202,-2.164581458924468,15.908975356079598
Indonesia,20.0,20.5,0.5,0.02,750.8,808.1,57.3,0.08,240.4,234.7,-5.6,-0.02,100.3,102.8,2.5,0.03,0.714,0.037,274814864,2.886485819736323,2.0977931676652766,13.831397569494506,5.279292919129462,11.416614395603407,17.50382807947552,29.54535805344309,7.840744148101203,28.590992856682522,-6.981425652796412
Montenegro,26.6,22.8,-3.8,-0.14,746.2,825.0,78.8,0.11,393.9,366.7,-27.3,-0.07,122.7,114.4,-8.3,-0.07,0.316,0.311,607936,30.927745111447564,32.363872756854605,6.0552735868338265,5.478749128899968,13.949974785992282,-3.2573486842429062,18.406654869915943,-11.746665663538712,-1.9614759865738858,14.830785611290453
Sao Tome and Principe,3.5,3.7,0.2,0.05,136.8,152.6,15.8,0.12,78.8,72.1,-6.7,-0.08,23.4,23.5,0.2,0.01,0.101,0.013,217449,7.078329209117875,-7.71017381499702,15.96944138890026,3.1558476076785498,18.043844771177007,1.0532261747940308,-1.6103138350862245,-7.748353938187543,2.54751303197037,13.876150673398653
Azerbaijan,22.0,15.9,-6.1,-0.28,676.7,781.9,105.2,0.16,353.0,218.5,-134.5,-0.38,115.4,90.0,-25.5,-0.22,0.479,0.001,10181736,-0.3730349720264847,-3.1418861278773207,6.543683076476183,3.0563958807605753,33.105721457307126,6.680157520022014,-16.91605714873573,4.8591244427838465,18.883099525678755,1.5193147300892123
Mali,5.4,3.7,-1.7,-0.32,239.4,282.0,42.6,0.18,81.6,79.4,-2.2,-0.03,33.3,35.7,2.4,0.07,0.156,0.01,21713839,9.895536086338296,15.151108735000678,-6.947842013282636,-3.951620068802363,-0.23360027153268348,-4.6612000989491555,25.240425725907418,-9.597947428411075,21.05992888159123,-20.147548990085944
Uzbekistan,10.9,11.8,0.9,0.08,269.1,330.8,61.7,0.23,168.4,134.1,-34.3,-0.2,51.8,47.2,-4.6,-0.09,0.34,0.011,33586372,-4.566816702273215,12.636626939629359,17.821240772696573,-3.108589412403921,3.568131829041427,4.268997071140451,-10.269724667635959,9.303287299962046,22.169035766363976,-4.662219870944325
Lesotho,19.9,44.6,24.7,1.24,803.9,1003.6,199.7,0.25,276.4,461.6,185.3,0.67,106.8,164.1,57.4,0.54,0.431,0.054,2235727,18.55084603742452,22.651198170521553,10.729100436846586,7.877467297840016,13.202153911394927,42.591865268495226,-8.977987469568918,26.794508323436972,15.287662305931423,17.892945465611092
High-income countries,18.4,8.0,-10.4,-0.57,888.9,436.3,-452.6,-0.51,314.2,135.0,-179.2,-0.57,109.7,48.5,-61.2,-0.56,0.2761,0.1734,1245004614,22.55595579007404,11.1334550926428,-4.887461543264563,-3.009247711337649,3.0104948896572274,13.683428612670099,17.904704320096403,15.582618516973167,13.531625258114625,1.2263193770111787
World,18.7,11.5,-7.3,-0.39,1022.5,660.8,-361.7,-0.35,324.2,170.9,-153.3,-0.47,126.2,72.6,-53.6,-0.42,0.3734,0.0869,7887001284,4.4131768164828955,7.137532271530853,4.406613219163919,-3.498457826771644,9.743480535158017,5.178210102172031,33.23152406339273,2.94757129069792,9.71126949201183,-7.815022322949107
Upper-middle-income countries,19.1,14.0,-5.1,-0.27,1301.4,864.9,-436.5,-0.34,361.1,186.0,-175.1,-0.48,154.5,89.4,-65.1,-0.42,0.4387,0.0477,2817793595,25.08376129244322,-0.03254371485831342,-1.0311825338475709,5.534302276918969,13.133592332479322,19.135827813561587,24.657728185105185,21.16526136849952,12.418610761666377,-2.3657492122821746
Low-income countries,12.7,7.7,-5.0,-0.39,468.4,319.4,-149.1,-0.32,187.2,116.1,-71.1,-0.38,70.5,44.8,-25.7,-0.36,0.2101,0.0387,679560815,11.177809269364984,5.238045581937262,-10.302997309643361,-0.3097721742085531,2.8970243489587144,20.71355436586002,10.574091200523597,4.622674572021116,-3.396857163285335,9.75020026504553
Lower-middle-income countries,19.4,11.5,-7.9,-0.41,899.4,669.5,-229.8,-0.26,301.3,181.7,-119.7,-0.4,118.8,78.5,-40.2,-0.34,0.3769,0.0937,3141910276,20.100601599944902,1.0783828848788835,15.201775475316413,18.964929885826887,17.473151126132187,21.02133682912769,14.26354341665286,2.1241402888196066,-4.6179888342230715,7.822335682013794
